"site","treatment","chamber","date","days.post.fert","mean_flux","median_flux","lowb","upb","original_slope","adj.r2","mins_max","num_obs_total","num_obs_below_det"
"T15","120","A","2/3/2017",16,0.0471356117529196,0.0471356117529196,NA,NA,9.69473684229873,0.957962335907826,4,19,19
"T15","120","A","16/02/17",2,0.0380206796650904,0.0380206796650904,NA,NA,7.820000000224,0.939265129528772,4,19,19
"T15","120","A","8/3/2017",22,0.0328976886371205,0.0328976886371205,NA,NA,6.76631578961121,0.931242800590184,4,19,14
"T15","120","A","17/02/17",3,0.142404820523939,0.142404820523939,NA,NA,29.2894736848059,0.990037387254621,4,19,19
"T15","120","A","16/03/17",30,0.00447302113704778,0.00447302113704778,NA,NA,0.920000000021895,0.325653944304227,4,19,19
"T15","120","A","19/02/17",5,0.74217861124629,0.74217861124629,NA,NA,152.649473687373,0.994595327675348,4,19,19
"T15","120","B","2/3/2017",16,0.0025384650846971,0.0025384650846971,NA,NA,0.522105263181984,0.113908977302138,4,19,19
"T15","120","B","16/02/17",2,0.0243457225956433,0.0243457225956433,NA,NA,5.00736842109084,0.809593061459941,4,19,18
"T15","120","B","8/3/2017",22,0.0116892222842503,0.0116892222842503,NA,NA,2.40421052623597,0.403840801705856,4,19,9
"T15","120","B","17/02/17",3,0.182851372064007,0.182851372064007,NA,NA,37.6084210534088,0.976332763100521,4,19,19
"T15","120","B","16/03/17",30,0.0495819551205881,0.0495819551205881,NA,NA,10.1978947370083,0.986605784647287,4,19,19
"T15","120","B","19/02/17",5,0.865493764903306,0.865493764903306,NA,NA,178.012631582493,0.993451740406397,4,19,19
"T15","120","C","2/3/2017",16,0.307323165054498,0.307323165054498,NA,NA,63.209473685491,0.989705119555242,4,19,19
"T15","120","C","16/02/17",2,0.0091149320885355,0.0091149320885355,NA,NA,1.87473684221999,0.552492705407221,4,19,19
"T15","120","C","8/3/2017",22,0.0274266822350772,0.0274266822350772,NA,NA,5.64105263171752,0.964997675642862,4,19,15
"T15","120","C","17/02/17",3,0.18313797296084,0.18313797296084,NA,NA,37.6673684218681,0.994068256732192,4,19,19
"T15","120","C","16/03/17",30,0.0214080634052551,0.0214080634052551,NA,NA,4.40315789482329,0.879475560322718,4,19,19
"T15","120","C","19/02/17",5,0.899855165263331,0.899855165263331,NA,NA,185.080000003837,0.993807820586423,4,19,19
"T15","120","D","2/3/2017",16,0.0143556341984985,0.0143556341984985,NA,NA,2.9526315790338,0.375845086549273,4,19,19
"T15","120","D","16/02/17",2,0.0193660320164426,0.0193660320164426,NA,NA,3.98315789478035,0.891706181725537,4,19,18
"T15","120","D","8/3/2017",22,0.013454888523113,0.013454888523113,NA,NA,2.76736842109547,0.957585794616852,4,19,19
"T15","120","D","16/03/17",30,0.00558871748452771,0.00558871748452771,NA,NA,1.14947368419577,0.154434834846158,4,19,18
"T15","120","D","19/02/17",5,0.982524170328446,0.982524170328446,NA,NA,202.08315789902,0.998167746543217,4,19,19
"T15","120","E","2/3/2017",16,-0.0102306284358312,-0.0102306284358312,NA,NA,-2.10421052635597,0.605910687865168,4,19,19
"T15","120","E","16/02/17",2,0.020558496461733,0.020558496461733,NA,NA,4.22842105274014,0.942558642019681,4,19,19
"T15","120","E","8/3/2017",22,0.0206915611635277,0.0206915611635277,NA,NA,4.25578947374761,0.717629435743425,4,19,19
"T15","120","E","16/03/17",30,0.000112593209350256,0.000112593209350256,NA,NA,0.0231578947272911,-0.0585480875573616,4,19,19
"T15","120","E","19/02/17",5,0.371649712733744,0.371649712733744,NA,NA,76.4400000016206,0.995388568726757,4,19,19
"T15","160","A","2/3/2017",16,0.439850490390181,0.439850490390181,NA,NA,90.4673684228723,0.990943072267568,4,19,19
"T15","160","A","8/3/2017",22,0,0,NA,NA,0,NA,4,19,0
"T15","160","A","17/02/17",3,0.120884163908934,0.120884163908934,NA,NA,24.8631578951732,0.979773779434409,4,19,19
"T15","160","A","16/03/17",30,0,0,NA,NA,0,NA,4,19,0
"T15","160","A","19/02/17",5,0.853164808474586,0.853164808474586,NA,NA,175.476842108854,0.99601381915899,4,19,19
"T15","160","B","2/3/2017",16,2.64768561562229,2.64768561562229,NA,NA,544.569473695393,0.99245049236716,4,19,19
"T15","160","B","8/3/2017",22,0.0484355515345183,0.0484355515345183,NA,NA,9.96210526342998,0.96081733261686,4,19,13
"T15","160","B","17/02/17",3,0.080186836584617,0.080186836584617,NA,NA,16.4926315792671,0.984597744685949,4,19,19
"T15","160","B","16/03/17",30,0.00502063356455017,0.00502063356455017,NA,NA,1.03263157896558,0.331829086610932,4,19,4
"T15","160","B","19/02/17",5,0.939805283107239,0.939805283107239,NA,NA,193.296842109244,0.995358261766666,4,19,19
"T15","160","C","2/3/2017",16,5.88684894958385,5.88684894958385,NA,NA,1210.79263160392,0.973984601683694,4,19,19
"T15","160","C","8/3/2017",22,0.494524729299504,0.494524729299504,NA,NA,101.712631580956,0.990032746003676,4,19,19
"T15","160","C","17/02/17",3,0.0467568891389359,0.0467568891389359,NA,NA,9.61684210534176,0.214949114640036,4,19,18
"T15","160","C","16/03/17",30,0.0776432536270621,0.0776432536270621,NA,NA,15.9694736845671,0.983251856409309,4,19,19
"T15","160","C","19/02/17",5,0.606565208398008,0.606565208398008,NA,NA,124.756842107783,0.997010845672431,4,19,19
"T15","160","D","2/3/2017",16,0.504612057287119,0.504612057287119,NA,NA,103.787368423124,0.988320858819013,4,19,19
"T15","160","D","8/3/2017",22,0.00858267328012845,0.00858267328012845,NA,NA,1.76526315793748,0.635254218608369,4,19,6
"T15","160","D","16/03/17",30,0.073866263238806,0.073866263238806,NA,NA,15.1926315792397,0.994703670215749,4,19,19
"T15","160","D","19/02/17",5,1.03792002935248,1.03792002935248,NA,NA,213.476842109723,0.995165182404289,4,19,19
"T15","160","E","2/3/2017",16,0.234818256074992,0.234818256074992,NA,NA,48.2968421062988,0.995550636403129,4,19,19
"T15","160","E","8/3/2017",22,0.017283057642557,0.017283057642557,NA,NA,3.55473684213915,0.874727526325386,4,19,11
"T15","160","E","16/03/17",30,0.00852125880227312,0.00852125880227312,NA,NA,1.75263157898958,0.828064265359101,4,19,19
"T15","160","E","19/02/17",5,0.646832634378106,0.646832634378106,NA,NA,133.038947371212,0.996046542330373,4,19,19
"T15","160","A","16/02/17",2,0.00625915886774077,0.00625915886774077,NA,NA,1.28736842103526,0.0560226734296057,4,19,19
"T15","160","B","16/02/17",2,0.0521204202049781,0.0521204202049781,NA,NA,10.7200000001272,0.94438879738644,4,19,19
"T15","160","C","16/02/17",2,0.00951412619419593,0.00951412619419593,NA,NA,1.95684210529924,0.116471335562678,4,19,19
"T15","160","D","16/02/17",2,0.00661229211568526,0.00661229211568526,NA,NA,1.36000000004253,0.226848086331536,4,19,19
"T15","160","E","16/02/17",2,0.0556415169359439,0.0556415169359439,NA,NA,11.4442105265955,0.765621957823836,4,19,16
"T15","80","A","15/02/17",1,0.00580785550489291,0.00580785550489291,NA,NA,1.19454545393792,0.0672475472651852,4,11,3
"T15","80","A","2/3/2017",16,-0.00994402753930604,-0.00994402753930604,NA,NA,-2.0452631579598,0.49605034249229,4,19,19
"T15","80","A","16/02/17",2,0.0386962389213762,0.0386962389213762,NA,NA,7.95894736862564,0.982803764357973,4,19,19
"T15","80","A","8/3/2017",22,0.0241973042744155,0.0241973042744155,NA,NA,4.97684210535271,0.938254786083263,4,19,19
"T15","80","A","17/02/17",3,0.585617753577036,0.585617753577036,NA,NA,120.448421055145,0.99407775049762,4,19,19
"T15","80","A","16/03/17",30,0.019007780895886,0.019007780895886,NA,NA,3.90947368430566,0.966197438481525,4,19,19
"T15","80","A","19/02/17",5,1.08739450913673,1.08739450913673,NA,NA,223.652631583554,0.986493160982984,4,19,19
"T15","80","B","15/02/17",1,0.0243098974841342,0.0243098974841342,NA,NA,5.00000000015579,0.650262556979544,4,19,13
"T15","80","B","2/3/2017",16,-0.011448682246608,-0.011448682246608,NA,NA,-2.35473684215178,0.747186389134213,4,19,19
"T15","80","B","16/02/17",2,0.0833803894332168,0.0833803894332168,NA,NA,17.1494736845831,0.922003178652846,4,19,19
"T15","80","B","8/3/2017",22,0.0167661524540437,0.0167661524540437,NA,NA,3.44842105268204,0.890839716709876,4,19,14
"T15","80","B","17/02/17",3,0.367253459693923,0.367253459693923,NA,NA,75.5357894752647,0.995390879822346,4,19,19
"T15","80","B","16/03/17",30,0.00175543049191885,0.00175543049191885,NA,NA,0.361052631570993,0.0555716892421831,4,19,19
"T15","80","B","19/02/17",5,0.509735048315335,0.509735048315335,NA,NA,104.841052633787,0.995623697307656,4,19,19
"T15","80","C  ","2/3/2017",16,0,0,NA,NA,0,NA,4,19,0
"T15","80","C","15/02/17",1,0.0307174746734406,0.0307174746734406,NA,NA,6.31789473699865,0.904883048762406,4,19,19
"T15","80","C","16/02/17",2,0.0896804912869519,0.0896804912869519,NA,NA,18.4452631584061,0.989363099422653,4,19,19
"T15","80","C","8/3/2017",22,0.0255996015187276,0.0255996015187276,NA,NA,5.26526315798591,0.892820414311664,4,19,11
"T15","80","C","17/02/17",3,0.735218303756163,0.735218303756163,NA,NA,151.217894739973,0.987564390407744,4,19,19
"T15","80","C","16/03/17",30,0.0204970819838777,0.0204970819838777,NA,NA,4.21578947379224,0.918915170946335,4,19,16
"T15","80","C","19/02/17",5,1.10306031886272,1.10306031886272,NA,NA,226.874736846793,0.994296559662082,4,19,19
"T15","80","D","15/02/17",1,0.0192124958218657,0.0192124958218657,NA,NA,3.95157894742322,0.193044233769673,4,19,15
"T15","80","D","2/3/2017",16,-0.0200467091462924,-0.0200467091462924,NA,NA,-4.12315789484518,0.479813876259374,4,19,17
"T15","80","D","16/02/17",2,0.0636970492811372,0.0636970492811372,NA,NA,13.1010526318948,0.902676412061032,4,19,19
"T15","80","D","8/3/2017",22,0.0234245054281819,0.0234245054281819,NA,NA,4.81789473694812,0.896842506550786,4,19,16
"T15","80","D","16/03/17",30,0.00791734977011095,0.00791734977011095,NA,NA,1.62842105268541,0.866002380477734,4,19,19
"T15","80","D","19/02/17",5,0.497124608862671,0.497124608862671,NA,NA,102.247368423213,0.995402004904782,4,19,19
"T15","80","E","15/02/17",1,0.0199699410488197,0.0199699410488197,NA,NA,4.10736842112873,0.59346110416832,4,19,15
"T15","80","E","2/3/2017",16,-0.0163925477140233,-0.0163925477140233,NA,NA,-3.37157894747038,0.913730725179646,4,19,18
"T15","80","E","16/02/17",2,0.0895371908381827,0.0895371908381827,NA,NA,18.4157894741038,0.967413185620657,4,19,19
"T15","80","E","8/3/2017",22,0.0166074983860563,0.0166074983860563,NA,NA,3.4157894736933,0.861142659911468,4,19,13
"T15","80","E","16/03/17",30,0.012318720682943,0.012318720682943,NA,NA,2.53368421059089,0.721016024432781,4,19,19
"T15","80","E","19/02/17",5,0.484017735713907,0.484017735713907,NA,NA,99.5515789494548,0.996818947409572,4,19,19
"T18","120","A","8/2/2017",0,0.0202923670578366,0.0202923670578366,NA,NA,4.17368421066205,0.788831895691903,4,19,10
"T18","120","A","9/2/2017",1,0.0346172940172232,0.0346172940172232,NA,NA,7.120000000184,0.913925745102327,4,19,19
"T18","120","A","22/02/17",14,0.0440444163641775,0.0440444163641775,NA,NA,9.05894736789723,0.490768851700043,4,19,19
"T18","120","A","2/3/2017",22,0.0171909359258662,0.0171909359258662,NA,NA,3.53578947373624,0.873992889905916,4,19,11
"T18","120","A","9/3/2017",29,0,0,NA,NA,0,NA,4,19,0
"T18","120","B","9/2/2017",1,0.0362652491725881,0.0362652491725881,NA,NA,7.45894736853301,0.811894370619209,4,19,19
"T18","120","B","22/02/17",14,0.379208811382193,0.379208811382193,NA,NA,77.994736843604,0.999078000304152,4,19,19
"T18","120","B","2/3/2017",22,-0.00331126393099212,-0.00331126393099212,NA,NA,-0.681052631599202,0.059207653536566,4,19,19
"T18","120","B","9/3/2017",29,0.0107577693706435,0.0107577693706435,NA,NA,2.21263157896895,0.786088213602798,4,19,14
"T18","120","C  ","8/2/2017",0,0.0234040339354918,0.0234040339354918,NA,NA,4.81368421061742,0.647958137676428,4,19,19
"T18","120","C","9/2/2017",1,0.0540140332727777,0.0540140332727777,NA,NA,11.1094736844762,0.973816225460798,4,19,18
"T18","120","C","22/02/17",14,0.0463576950336133,0.0463576950336133,NA,NA,9.53473684233199,0.988275231068246,4,19,19
"T18","120","C","2/3/2017",22,-0.00560407110396083,-0.00560407110396083,NA,NA,-1.15263157892643,0.573400227736035,4,19,5
"T18","120","C","9/3/2017",29,0.00340850352090925,0.00340850352090925,NA,NA,0.701052631595834,0.085805335974627,4,19,7
"T18","120","D","9/2/2017",1,0.0298474362369828,0.0298474362369828,NA,NA,6.13894736853427,0.976907956456316,4,19,19
"T18","120","D","2/3/2017",22,-0.00431948494268582,-0.00431948494268582,NA,NA,-0.888421052708985,0.147272730806927,4,19,19
"T18","120","D","9/3/2017",29,0.0034494465061359,0.0034494465061359,NA,NA,0.709473684225662,0.0545964178742409,4,19,19
"T18","120","E","8/2/2017",0,0.0169661969555681,0.0169661969555681,NA,NA,3.48956571436997,0.950000847066286,4,23,17
"T18","120","E","9/2/2017",1,0.0237111063247377,0.0237111063247377,NA,NA,4.8768421053506,0.904649935888668,4,19,18
"T18","120","E","2/3/2017",22,0.00414035938182409,0.00414035938182409,NA,NA,0.851578947351646,0.581543775142516,4,19,19
"T18","120","E","9/3/2017",29,-0.00205738500793851,-0.00205738500793851,NA,NA,-0.423157894710448,0.12732759941603,4,19,19
"T18","160","A","8/2/2017",0,0.00860141372743796,0.00860141372743796,NA,NA,1.76911764710642,0.30675044084359,3.5,16,5
"T18","160","A","9/2/2017",1,0.0426984157278722,0.0426984157278722,NA,NA,8.78210526331293,0.968945424821138,4,19,19
"T18","160","A","22/02/17",14,2.70271298777916,2.70271298777916,NA,NA,555.887368432401,0.992966058966311,4,19,19
"T18","160","A","2/3/2017",22,-0.0204203138863436,-0.0204203138863436,NA,NA,-4.20000000006316,0.619011448603804,4,19,10
"T18","160","A","9/3/2017",29,-0.022754064052142,-0.022754064052142,NA,NA,-4.680000001584,0.991176470404706,1.5,4,4
"T18","160","B","9/2/2017",1,0.0115305682171534,0.0115305682171534,NA,NA,2.37157894743038,0.884018886543625,4,19,12
"T18","160","B","22/02/17",14,0.265863274630491,0.265863274630491,NA,NA,54.6821052643866,0.993471609913345,4,19,19
"T18","160","B","2/3/2017",22,0.237535846719814,0.237535846719814,NA,NA,48.8557894746866,0.998699351852758,4,19,19
"T18","160","B","9/3/2017",29,0.0163041941010118,0.0163041941010118,NA,NA,3.35340659337636,0.98202084303948,3.166666667,14,14
"T18","160","C  ","8/2/2017",0,0.0243201332301569,0.0243201332301569,NA,NA,5.00210526325483,0.937068242264794,4,19,14
"T18","160","C","9/2/2017",1,0.0281022414917314,0.0281022414917314,NA,NA,5.78000000019495,0.930882615565446,4,19,12
"T18","160","C","22/02/17",14,1.08959007672027,1.08959007672027,NA,NA,224.104210530985,0.996808659263306,4,19,19
"T18","160","C","2/3/2017",22,-0.0230304291951336,-0.0230304291951336,NA,NA,-4.73684210533629,0.981020913271289,4,19,19
"T18","160","C","9/3/2017",29,0.00958065854558459,0.00958065854558459,NA,NA,1.97052631590402,0.191792739808617,4,19,10
"T18","160","D","9/2/2017",1,0.0372734701844354,0.0372734701844354,NA,NA,7.66631578967437,0.896862234612042,4,19,19
"T18","160","D","2/3/2017",22,-0.0189668379105979,-0.0189668379105979,NA,NA,-3.9010526316632,0.882172704622728,4,19,19
"T18","160","D","9/3/2017",29,-0.0085673196610331,-0.0085673196610331,NA,NA,-1.7621052632763,0.55897807488992,4,19,16
"T18","160","E","8/2/2017",0,0.0385171133608522,0.0385171133608522,NA,NA,7.92210526333777,0.984066582144978,4,19,19
"T18","160","E","9/2/2017",1,0.0892198827027913,0.0892198827027913,NA,NA,18.3505263162463,0.97838419095763,4,19,18
"T18","160","E","2/3/2017",22,-0.00546588852900128,-0.00546588852900128,NA,NA,-1.12421052633786,0.54383092638082,4,19,19
"T18","160","E","9/3/2017",29,0.000516905188636141,0.000516905188636141,NA,NA,0.106315789482371,-0.00205353663955976,4,19,19
"T18","80","A","8/2/2017",0,0,0,NA,NA,0,NA,4,19,0
"T18","80","A","9/2/2017",1,0,0,NA,NA,0,NA,4,19,0
"T18","80","A","22/02/17",14,0.00893068865441678,0.00893068865441678,NA,NA,1.8368421052626,0.615147815023488,4,19,7
"T18","80","A","2/3/2017",22,0,0,NA,NA,0,NA,4,19,0
"T18","80","A","9/3/2017",29,0.00791734977014166,0.00791734977014166,NA,NA,1.62842105269172,0.393472052931919,4,19,18
"T18","80","B","9/2/2017",1,0.0512196745300839,0.0512196745300839,NA,NA,10.5347368422899,0.973771766337112,4,19,14
"T18","80","B","22/02/17",14,-0.00044013709134769,-0.00044013709134769,NA,NA,-0.0905263158038115,-0.0500715917000587,4,19,2
"T18","80","B","2/3/2017",22,0,0,NA,NA,0,NA,4,19,0
"T18","80","B","9/3/2017",29,0.0109164234384159,0.0109164234384159,NA,NA,2.24526315791348,0.823100825360143,4,19,11
"T18","80","C ","8/2/2017",0,0.000931452914405259,0.000931452914405259,NA,NA,0.191578947431224,0.0372549020197317,4,19,1
"T18","80","C","9/2/2017",1,0.0243917834547104,0.0243917834547104,NA,NA,5.01684210544071,0.809253884918465,4,19,11
"T18","80","C","22/02/17",14,-0.000209832799083141,-0.000209832799083141,NA,NA,-0.0431578946860276,-0.0568983749039285,4,19,3
"T18","80","C","2/3/2017",22,-0.00264082254774836,-0.00264082254774836,NA,NA,-0.543157894753396,0.135978928888659,4,19,4
"T18","80","C","9/3/2017",29,0.00779963868741161,0.00779963868741161,NA,NA,1.60421052633912,0.41032971960194,4,19,17
"T18","80","D","9/2/2017",1,0.0517365797185972,0.0517365797185972,NA,NA,10.641052631747,0.989739081767103,4,19,17
"T18","80","D","2/3/2017",22,0,0,NA,NA,0,NA,4,19,0
"T18","80","D","9/3/2017",29,0.00894092440120708,0.00894092440120708,NA,NA,1.83894736851953,0.449059675578919,4,19,15
"T18","80","E","8/2/2017",0,0.017262586149652,0.017262586149652,NA,NA,3.55052631576423,0.800329374663234,4,19,10
"T18","80","E","9/2/2017",1,0.0494540082918968,0.0494540082918968,NA,NA,10.1715789475693,0.975062875648461,4,19,17
"T18","80","E","2/3/2017",22,0,0,NA,NA,0,NA,4,19,0
"T18","80","E","9/3/2017",29,0.0067914176757179,0.0067914176757179,NA,NA,1.39684210522934,0.548505757907127,4,19,18
"T27","120","A","9/2/2017",0,0.0194479179867424,0.0194479179867424,NA,NA,4.00000000000842,0.541872179362835,4,19,5
"T27","120","A","21/02/17",12,0.304800053589295,0.304800053589295,NA,NA,62.6905263170522,0.993558445821244,4,19,19
"T27","120","A","2/3/2017",21,0.00455490710737825,0.00455490710737825,NA,NA,0.936842105256288,0.592326388756777,4,19,19
"T27","120","A","9/3/2017",28,0.0118734657183691,0.0118734657183691,NA,NA,2.44210526319335,0.875143662109524,4,19,19
"T27","120","A","14/02/17",5,0.0551706726056071,0.0551706726056071,NA,NA,11.3473684213052,0.796802956692077,4,19,19
"T27","120","A","16/02/17",7,1.39946706047942,1.39946706047942,NA,NA,287.838947374496,0.987829956119912,4,19,19
"T27","120","A","17/02/17",8,1.50750024489636,1.50750024489636,NA,NA,310.058947374664,0.987006057458881,4,19,19
"T27","120","B","9/2/2017",0,0.00265105829377098,0.00265105829377098,NA,NA,0.545263157852432,0.240508249514247,4,19,2
"T27","120","B","21/02/17",12,1.72347960989104,1.72347960989104,NA,NA,354.481052639067,0.996921406589743,4,19,19
"T27","120","B","2/3/2017",21,0.217883213806938,0.217883213806938,NA,NA,44.813684211529,0.984187825624123,4,19,19
"T27","120","B","9/3/2017",28,0.0226619423283087,0.0226619423283087,NA,NA,4.66105263171205,0.957502254377846,4,19,19
"T27","120","B","14/02/17",5,0.0228205963963882,0.0228205963963882,NA,NA,4.69368421071973,0.749737097374152,4,19,19
"T27","120","B","16/02/17",7,1.46093783493766,1.46093783493766,NA,NA,300.482105269397,0.997365222628172,4,19,19
"T27","120","B","17/02/17",8,0.57272583110135,0.57272583110135,NA,NA,117.796842107825,0.994967225001997,4,19,19
"T27","120","C","9/2/2017",0,0.0168838635367738,0.0168838635367738,NA,NA,3.47263157903464,0.721125130464803,4,19,15
"T27","120","C","21/02/17",12,0.68650126919853,0.68650126919853,NA,NA,141.197894739779,0.994799521979987,4,19,19
"T27","120","C","2/3/2017",21,0.0294840672430464,0.0294840672430464,NA,NA,6.06421052643428,0.948576641535113,4,19,19
"T27","120","C","9/3/2017",28,0.0346838263681512,0.0346838263681512,NA,NA,7.13368421069405,0.972217951056205,4,19,19
"T27","120","C","14/02/17",5,0.0535175995772615,0.0535175995772615,NA,NA,11.0073684214129,0.826926637615296,4,19,19
"T27","120","C","16/02/17",7,1.75987280589428,1.75987280589428,NA,NA,361.966315797443,0.998070066013257,4,19,19
"T27","120","C","17/02/17",8,1.91088077118849,1.91088077118849,NA,NA,393.025263165993,0.993354813019631,4,19,19
"T27","120","D","9/2/2017",0,0.00280459448844001,0.00280459448844001,NA,NA,0.576842105228499,0.240379403745485,4,19,2
"T27","120","D","21/02/17",12,1.80497150413014,1.80497150413014,NA,NA,371.242105270989,0.997457664493496,4,19,19
"T27","120","D","2/3/2017",21,0.123555693696009,0.123555693696009,NA,NA,25.4126315794826,0.99437510453633,4,19,19
"T27","120","D","9/3/2017",28,0.0160496502125313,0.0160496502125313,NA,NA,3.30105263165057,0.934257968033222,4,19,19
"T27","120","D","14/02/17",5,0.0442542491671911,0.0442542491671911,NA,NA,9.10210526339167,0.813981502108444,4,19,19
"T27","120","D","16/02/17",7,5.84244116422647,5.84244116422647,NA,NA,1201.65894739407,0.970618749908623,4,19,19
"T27","120","E","9/2/2017",0,0.00967278026187626,0.00967278026187626,NA,NA,1.98947368422482,0.51090513930756,4,19,7
"T27","120","E","21/02/17",12,0.356971652526812,0.356971652526812,NA,NA,73.4210526331735,0.984299643450102,4,19,19
"T27","120","E","2/3/2017",21,-0.00631545547258476,-0.00631545547258476,NA,NA,-1.29894736843364,0.853427029208316,4,19,19
"T27","120","E","9/3/2017",28,0.00640245931635645,0.00640245931635645,NA,NA,1.31684210530597,0.854217488391573,4,19,19
"T27","120","E","14/02/17",5,0.0450270480132712,0.0450270480132712,NA,NA,9.26105263176468,0.916750208460433,4,19,19
"T27","120","E","16/02/17",7,1.46355306811979,1.46355306811979,NA,NA,301.020000006289,0.979652629244175,4,19,19
"T27","160","A","9/2/2017",0,0.0081681255550656,0.0081681255550656,NA,NA,1.68000000013389,0.244859582847524,4,19,7
"T27","160","A","21/02/17",12,3.77795766604351,3.77795766604351,NA,NA,777.041052646745,0.993851453426753,4,19,19
"T27","160","A","2/3/2017",21,0.040646148592945,0.040646148592945,NA,NA,8.360000000152,0.994193356985737,4,19,19
"T27","160","A","9/3/2017",28,0.00685283215394171,0.00685283215394171,NA,NA,1.40947368425303,0.291530618100274,4,19,12
"T27","160","A","14/02/17",5,0.126923254231446,0.126923254231446,NA,NA,26.1052631583981,0.979943042921778,4,19,19
"T27","160","A","16/02/17",7,5.66628397024203,5.66628397024203,NA,NA,1165.42736844461,0.993288020227154,4,19,19
"T27","160","A","17/02/17",8,1.50982887718523,1.50982887718523,NA,NA,310.537894743829,0.995811475444514,4,19,19
"T27","160","B","9/2/2017",0,0.0203793709015161,0.0203793709015161,NA,NA,4.19157894751543,0.842014739853115,4,19,9
"T27","160","B","21/02/17",12,2.46749553759973,2.46749553759973,NA,NA,507.508421063276,0.995234074126728,4,19,19
"T27","160","B","2/3/2017",21,4.22143161063299,4.22143161063299,NA,NA,868.253684228743,0.987621043729426,4,19,19
"T27","160","B","9/3/2017",28,0.380764644821696,0.380764644821696,NA,NA,78.3147368437206,0.946294998185414,4,19,19
"T27","160","B","14/02/17",5,0.0263672824927483,0.0263672824927483,NA,NA,5.42315789500519,0.854168297211704,4,19,15
"T27","160","B","16/02/17",7,5.84508710464478,5.84508710464478,NA,NA,1202.20315791987,0.977589190105822,4,19,19
"T27","160","B","17/02/17",8,1.09802433167797,1.09802433167797,NA,NA,225.838947372938,0.996268428271577,4,19,19
"T27","160","C","9/2/2017",0,0.0033624426623028,0.0033624426623028,NA,NA,0.691578947340698,0.224907810893901,4,19,2
"T27","160","C","21/02/17",12,2.6665091530835,2.6665091530835,NA,NA,548.441052642627,0.987561081205025,4,19,19
"T27","160","C","9/3/2017",28,0.00759492376137048,0.00759492376137048,NA,NA,1.56210526320893,0.722176474152747,4,19,19
"T27","160","C","14/02/17",5,0.0321658327764513,0.0321658327764513,NA,NA,6.61578947390593,0.712267799736375,4,19,15
"T27","160","C","16/02/17",7,4.36847834210369,4.36847834210369,NA,NA,898.497894754775,0.990294106937047,4,19,19
"T27","160","C","17/02/17",8,2.95570481142512,2.95570481142512,NA,NA,607.922105275483,0.988993516961261,4,19,19
"T27","160","D","9/2/2017",0,0.0224367559093318,0.0224367559093318,NA,NA,4.61473684220062,0.590553204447908,4,19,8
"T27","160","D","21/02/17",12,4.57978508891038,4.57978508891038,NA,NA,941.958947388005,0.997072650734426,4,19,19
"T27","160","D","2/3/2017",21,0.00420689173183093,0.00420689173183093,NA,NA,0.865263157672224,-0.0499061455173608,4,19,19
"T27","160","D","9/3/2017",28,0.00640245931632574,0.00640245931632574,NA,NA,1.31684210529966,0.315394498883929,4,19,10
"T27","160","D","14/02/17",5,0.0141099762869237,0.0141099762869237,NA,NA,2.90210526321062,0.289977083289255,4,19,19
"T27","160","E","9/2/2017",0,0.0224521095290413,0.0224521095290413,NA,NA,4.61789473698812,0.968500343250008,4,19,16
"T27","160","E","21/02/17",12,2.1993752809084,2.1993752809084,NA,NA,452.362105272624,0.995925605358394,4,19,19
"T27","160","E","2/3/2017",21,0.0382561018297214,0.0382561018297214,NA,NA,7.86842105275867,0.972140121897177,4,19,14
"T27","160","E","9/3/2017",28,0.0550324900304019,0.0550324900304019,NA,NA,11.3189473686661,0.988121300973629,4,19,19
"T27","160","E","14/02/17",5,0.070094390724206,0.070094390724206,NA,NA,14.4168421055944,0.974507421703355,4,19,19
"T27","160","E","16/02/17",7,2.32850433846892,2.32850433846892,NA,NA,478.921052641452,0.949449755359077,4,19,19
"T27","80","A","9/2/2017",0,0.0144938167738572,0.0144938167738572,NA,NA,2.98105263170447,0.925557810782851,4,19,19
"T27","80","A","21/02/17",12,0.0250622248376778,0.0250622248376778,NA,NA,5.15473684222967,0.94028691824117,4,19,16
"T27","80","A","2/3/2017",21,0.028424667500042,0.028424667500042,NA,NA,5.846315789583,0.889739123798873,4,19,19
"T27","80","A","9/3/2017",28,-0.000429901345079406,-0.000429901345079406,NA,NA,-0.088421052654248,-0.0570792916250578,4,19,19
"T27","80","A","14/02/17",5,0.00197549903739309,0.00197549903739309,NA,NA,0.406315789431845,0.145619451368764,4,19,2
"T27","80","A","16/02/17",7,0.0225851742306518,0.0225851742306518,NA,NA,4.6452631579577,0.831563371104918,4,19,19
"T27","80","A","17/02/17",8,0.0450782267447969,0.0450782267447969,NA,NA,9.27157894755039,0.989469675568873,4,19,19
"T27","80","B","9/2/2017",0,0.0199187623171406,0.0199187623171406,NA,NA,4.09684210531145,0.906242529919705,4,19,11
"T27","80","B","21/02/17",12,0.00230304291951336,0.00230304291951336,NA,NA,0.473684210533629,-0.00801120129601318,4,19,16
"T27","80","B","2/3/2017",21,-0.0219966188181377,-0.0219966188181377,NA,NA,-4.52421052642839,0.59474596210468,4,19,19
"T27","80","B","9/3/2017",28,-0.00518440550545677,-0.00518440550545677,NA,NA,-1.0663157894849,0.625200974082258,4,19,19
"T27","80","B","14/02/17",5,0,0,NA,NA,0,NA,4,19,0
"T27","80","B","16/02/17",7,0.0154713305461013,0.0154713305461013,NA,NA,3.18210526323293,0.976227263070889,4,19,19
"T27","80","B","17/02/17",8,0.027897526565199,0.027897526565199,NA,NA,5.73789473696371,0.902796577788295,4,19,19
"T27","80","C","9/2/2017",0,0.0158551710327585,0.0158551710327585,NA,NA,3.26105263166994,0.959438033939013,4,19,13
"T27","80","C","21/02/17",12,0.00280459448865496,0.00280459448865496,NA,NA,0.576842105272709,0.28500845351781,4,19,19
"T27","80","C","2/3/2017",21,-0.00775869570224637,-0.00775869570224637,NA,NA,-1.59578947372193,0.781118872604118,4,19,19
"T27","80","C","9/3/2017",28,-0.000665323510078898,-0.000665323510078898,NA,NA,-0.136842105264707,-0.0117684183180675,4,19,19
"T27","80","C","14/02/17",5,0.00670441383252966,0.00670441383252966,NA,NA,1.37894736847701,0.190952689386878,4,19,5
"T27","80","C","16/02/17",7,0.0432357924093213,0.0432357924093213,NA,NA,8.89263157915127,0.95059116020681,4,19,19
"T27","80","C","17/02/17",8,0.0597869941908407,0.0597869941908407,NA,NA,12.2968421055093,0.989715720873004,4,19,19
"T27","80","D","9/2/2017",0,0.0109880736626009,0.0109880736626009,NA,NA,2.26000000002358,0.792165498465031,4,19,8
"T27","80","D","21/02/17",12,0.0297655502664988,0.0297655502664988,NA,NA,6.1221052632683,0.97286346055291,4,19,19
"T27","80","D","2/3/2017",21,-0.00270223702575723,-0.00270223702575723,NA,NA,-0.555789473732875,0.3907120743632,4,19,19
"T27","80","D","9/3/2017",28,-0.00907398910294036,-0.00907398910294036,NA,NA,-1.86631578951437,0.178532080905643,4,19,19
"T27","80","D","14/02/17",5,-0.00426318833713554,-0.00426318833713554,NA,NA,-0.87684210516534,0.00249363973987893,4,19,7
"T27","80","D","16/02/17",7,0.0345302901734208,0.0345302901734208,NA,NA,7.10210526330536,0.94294171048649,4,19,19
"T27","80","E","9/2/2017",0,0.00868503074333325,0.00868503074333325,NA,NA,1.78631578954048,0.656338920106115,4,19,6
"T27","80","E","21/02/17",12,-0.00176566623830995,-0.00176566623830995,NA,NA,-0.363157894745817,-0.00616109550212518,4,19,18
"T27","80","E","2/3/2017",21,-0.0123391921756331,-0.0123391921756331,NA,NA,-2.5378947369216,0.866571449664979,4,19,15
"T27","80","E","9/3/2017",28,-0.00305537027324112,-0.00305537027324112,NA,NA,-0.628421052645408,0.0342078221974957,4,19,19
"T27","80","E","14/02/17",5,0.0118837014647602,0.0118837014647602,NA,NA,2.44421052636818,0.831510855440012,4,19,12
"T27","80","E","16/02/17",7,0.0623715201333765,0.0623715201333765,NA,NA,12.8284210527886,0.856925459904946,4,19,19
"T18","80","A","10/2/2017",2,0.0159626463689439,0.0159626463689439,NA,NA,3.28315789481613,0.795426134273415,4,19,15
"T18","80","B","10/2/2017",2,0.0582055713861888,0.0582055713861888,NA,NA,11.9715789476262,0.988587999379089,4,19,19
"T18","80","C","10/2/2017",2,0.0335527764009311,0.0335527764009311,NA,NA,6.90105263172636,0.955722220404432,4,19,16
"T18","80","D","10/2/2017",2,0.034264160769248,0.034264160769248,NA,NA,7.04736842117042,0.94801379436397,4,19,18
"T18","80","E","10/2/2017",2,0.0375242459686223,0.0375242459686223,NA,NA,7.71789473696497,0.977760602204987,4,19,17
"T18","120","A","10/2/2017",2,0.0441621274501011,0.0441621274501011,NA,NA,9.08315789490666,0.966601247201952,4,19,17
"T18","120","B","10/2/2017",2,0.0584512292974259,0.0584512292974259,NA,NA,12.0221052633799,0.971708715195368,4,19,18
"T18","120","C","10/2/2017",2,0.054607706558518,0.054607706558518,NA,NA,11.2315789475992,0.945189445305784,4,19,19
"T18","120","D","10/2/2017",2,0.0442440134206465,0.0442440134206465,NA,NA,9.10000000018526,0.978621784566039,4,19,18
"T18","120","E","10/2/2017",2,0.0304820525081954,0.0304820525081954,NA,NA,6.26947368433767,0.967589995558925,4,19,19
"T18","160","A","10/2/2017",2,0.107214324713788,0.107214324713788,NA,NA,22.0515789478548,0.988644279226447,4,19,19
"T18","160","B","10/2/2017",2,0.0330000461002331,0.0330000461002331,NA,NA,6.78736842119526,0.963840951505842,4,19,18
"T18","160","C","10/2/2017",2,0.03206859318592,0.03206859318592,NA,NA,6.59578947378298,0.887896450335156,4,19,19
"T18","160","D","10/2/2017",2,0.0595976328840484,0.0595976328840484,NA,NA,12.2578947370719,0.9666594086088,4,19,19
"T18","160","E","10/2/2017",2,0.076010652090639,0.076010652090639,NA,NA,15.6336842108477,0.968080605272232,4,19,19
"T27","80","A","10/2/2017",1,0.0165000230502087,0.0165000230502087,NA,NA,3.39368421061658,0.928764152280951,4,19,12
"T27","80","B","10/2/2017",1,0.0265412901793397,0.0265412901793397,NA,NA,5.45894736855406,0.949867937388236,4,19,13
"T27","80","C","10/2/2017",1,0.0288596867183476,0.0288596867183476,NA,NA,5.93578947383098,0.976917424402942,4,19,15
"T27","80","D","10/2/2017",1,0.0183424573859606,0.0183424573859606,NA,NA,3.77263157907253,0.94135057567664,4,19,13
"T27","80","E","10/2/2017",1,0.0151744939032157,0.0151744939032157,NA,NA,3.12105263166826,0.888522403760941,4,19,13
"T27","120","A","10/2/2017",1,0.0249803388671323,0.0249803388671323,NA,NA,5.13789473695107,0.958010673614278,4,19,19
"T27","120","B","10/2/2017",1,0.0186546476481872,0.0186546476481872,NA,NA,3.83684210534892,0.934980602931231,4,19,18
"T27","120","C","10/2/2017",1,0.047980060823369,0.047980060823369,NA,NA,9.86842105281973,0.968521150825735,4,19,19
"T27","120","D","10/2/2017",1,0.0294175348919341,0.0294175348919341,NA,NA,6.05052631588634,0.937597984920356,4,19,17
"T27","120","E","10/2/2017",1,0.0199136444440371,0.0199136444440371,NA,NA,4.09578947374298,0.857472013112108,4,19,18
"T27","160","A","10/2/2017",1,0.0301852158654327,0.0301852158654327,NA,NA,6.20842105279825,0.968924012299276,4,19,18
"T27","160","B","10/2/2017",1,0.0185625259314349,0.0185625259314349,NA,NA,3.81789473693339,0.992891817093276,4,19,19
"T27","160","C","10/2/2017",1,0.0248984528965562,0.0248984528965562,NA,NA,5.12105263166615,0.923286168883647,4,19,19
"T27","160","D","10/2/2017",1,0.0364085496210196,0.0364085496210196,NA,NA,7.48842105276583,0.992723507519172,4,19,19
"T27","160","E","10/2/2017",1,0.0491418180296703,0.0491418180296703,NA,NA,10.1073684212929,0.98661099487141,4,19,19
"T18","80","A","12/2/2017",4,0.00123852530377402,0.00123852530377402,NA,NA,0.254736842189673,-0.0343589343548909,4,19,7
"T18","80","B","12/2/2017",4,0,0,NA,NA,0,NA,4,19,0
"T18","80","C","12/2/2017",4,0.00373092952971113,0.00373092952971113,NA,NA,0.767368421084942,0.201780871861756,4,19,5
"T18","80","D","12/2/2017",4,0.00986725944232467,0.00986725944232467,NA,NA,2.0294736843444,0.232205515707422,4,19,8
"T18","120","A","12/2/2017",4,0.0119860589276579,0.0119860589276579,NA,NA,2.46526315790801,0.495139936011308,4,19,12
"T18","120","B","12/2/2017",4,0.00551194938748491,0.00551194938748491,NA,NA,1.13368421056773,0.308332849751864,4,19,12
"T18","120","C","12/2/2017",4,0.0738150845078023,0.0738150845078023,NA,NA,15.1821052635614,0.90004780154561,4,19,19
"T18","120","D","12/2/2017",4,0.00608003330749316,0.00608003330749316,NA,NA,1.25052631580423,0.398000949454239,4,19,19
"T18","120","E","12/2/2017",4,0.0189156591789495,0.0189156591789495,NA,NA,3.89052631585223,0.443820705951978,4,19,19
"T18","160","A","12/2/2017",4,0.00659693849606788,0.00659693849606788,NA,NA,1.35684210527397,0.745570282082083,4,19,19
"T18","160","B","12/2/2017",4,0.00658670274961536,0.00658670274961536,NA,NA,1.35473684208651,0.223767069358788,4,19,19
"T18","160","C","12/2/2017",4,0.00843937283185054,0.00843937283185054,NA,NA,1.73578947373625,0.740768225722231,4,19,19
"T18","160","D","12/2/2017",4,0.0208962760899987,0.0208962760899987,NA,NA,4.29789473696623,0.8737402296879,4,19,19
"T18","160","E","12/2/2017",4,0.0728017456226674,0.0728017456226674,NA,NA,14.9736842108136,0.988000106566396,4,19,19
"T27","80","A","12/2/2017",3,0.0105121114593757,0.0105121114593757,NA,NA,2.16210526320893,0.280438806252732,4,19,19
"T27","80","B","12/2/2017",3,0.0113616784029592,0.0113616784029592,NA,NA,2.33684210530471,0.769076868540785,4,19,18
"T27","80","C","12/2/2017",3,0.00697054323676389,0.00697054323676389,NA,NA,1.43368421062458,0.362799419100583,4,19,16
"T27","120","A","12/2/2017",3,-0.0019550275451636,-0.0019550275451636,NA,NA,-0.402105263195877,-0.0192201673376868,4,19,19
"T27","120","B","12/2/2017",3,0.016689384357308,0.016689384357308,NA,NA,3.43263157911716,0.40416304398254,4,19,16
"T27","120","C","12/2/2017",3,0.0116175720608023,0.0116175720608023,NA,NA,2.38947368427745,0.228638786803572,4,19,16
"T27","160","A","12/2/2017",3,0.00395611594831952,0.00395611594831952,NA,NA,0.813684210520577,0.0725377100138378,4,19,19
"T27","160","B","12/2/2017",3,0.00632569121943649,0.00632569121943649,NA,NA,1.3010526317032,0.420394011169583,4,19,17
"T27","160","C","12/2/2017",3,0.0104660506014755,0.0104660506014755,NA,NA,2.15263157909906,0.36837360632245,4,19,19
"T18","80","A","13/02/17",5,0.0817170806581117,0.0817170806581117,NA,NA,16.8073684214403,0.993392595173849,4,19,19
"T18","80","B","13/02/17",5,0.101789379169983,0.101789379169983,NA,NA,20.9357894741405,0.986461608795959,4,19,19
"T18","80","C","13/02/17",5,0.141411953132077,0.141411953132077,NA,NA,29.0852631585089,0.995822291284846,4,19,19
"T18","120","A","13/02/17",5,0.472958011826845,0.472958011826845,NA,NA,97.2768421072643,0.997509509603541,4,19,19
"T18","120","B","13/02/17",5,0.857100452931014,0.857100452931014,NA,NA,176.286315793208,0.995602108788732,4,19,19
"T18","120","C","13/02/17",5,0.962840830175844,0.962840830175844,NA,NA,198.034736846225,0.993773820976098,4,19,19
"T18","160","A","13/02/17",5,0.971239260022744,0.971239260022744,NA,NA,199.762105267388,0.995095135931355,4,19,19
"T18","160","B","13/02/17",5,0.919349144109171,0.919349144109171,NA,NA,189.089473688202,0.9963399009803,4,19,19
"T18","160","C","13/02/17",5,2.01102731307563,2.01102731307563,NA,NA,413.623157903233,0.992976474884332,4,19,19
"T27","80","A","13/02/17",4,0.226772959475637,0.226772959475637,NA,NA,46.6421052640607,0.977313205526244,4,19,19
"T27","80","B","13/02/17",4,0.100397317672307,0.100397317672307,NA,NA,20.6494736847326,0.97474284277824,4,19,19
"T27","80","C","13/02/17",4,0.0976183125491081,0.0976183125491081,NA,NA,20.0778947372896,0.99656760819688,4,19,19
"T27","80","D","13/02/17",4,0.0386194708239956,0.0386194708239956,NA,NA,7.94315789492813,0.955803122709224,4,19,19
"T27","80","E","13/02/17",4,0.182902550796209,0.182902550796209,NA,NA,37.6189473693334,0.981072994590559,4,19,19
"T27","120","A","13/02/17",4,0.352165969634326,0.352165969634326,NA,NA,72.4326315804372,0.996856144278601,4,19,19
"T27","120","B","13/02/17",4,0.502974337878575,0.502974337878575,NA,NA,103.450526318038,0.993553599141046,4,19,19
"T27","120","C","13/02/17",4,0.899931933361049,0.899931933361049,NA,NA,185.095789477604,0.995667918464868,4,19,19
"T27","120","D","13/02/17",4,0.585638225070157,0.585638225070157,NA,NA,120.452631581564,0.995402782710084,4,19,19
"T27","120","E","13/02/17",4,0.544296045727898,0.544296045727898,NA,NA,111.94947368661,0.994101013441349,4,19,19
"T27","160","A","13/02/17",4,0.55245393553559,0.55245393553559,NA,NA,113.627368423367,0.991861617663726,4,19,19
"T27","160","B","13/02/17",4,0.261497728829568,0.261497728829568,NA,NA,53.7842105274983,0.995318498472894,4,19,19
"T27","160","C","13/02/17",4,0.484222450639549,0.484222450639549,NA,NA,99.5936842125029,0.992436212195103,4,19,19
"T27","160","D","13/02/17",4,0.577700403806864,0.577700403806864,NA,NA,118.820000002447,0.996460652850553,4,19,19
"T27","160","E","13/02/17",4,0.551589014972297,0.551589014972297,NA,NA,113.449473686484,0.993504454690298,4,19,19
