obs,site,treatment,chamber,month,day,year,date,NO3_N_mg_kg_soil,NH4_N_mg_kg_soil,g_h2o_g_soil,volum_h2o_content,soil_porosity,SWFPS,chamber_ID
150,area1,forest,A,2,15,2017,2/15/2017,0,0.909207057,0.245928339,0.216349329,0.668028269,32.38625353,area1_forest_A_2_15_2017
151,area1,forest,B,2,15,2017,2/15/2017,1.314140366,2.319027916,0.287846482,0.253225771,0.668028269,37.90644537,area1_forest_B_2_15_2017
152,area1,forest,C,2,15,2017,2/15/2017,0,0.826098217,0.269296741,0.236907099,0.668028269,35.46363372,area1_forest_C_2_15_2017
153,area1,forest,D,2,15,2017,2/15/2017,0,1.202348643,0.273081925,0.24023702,0.668028269,35.96210379,area1_forest_D_2_15_2017
154,area1,forest,E,2,15,2017,2/15/2017,0,1.177250925,0.306818182,0.269915651,0.668028269,40.40482473,area1_forest_E_2_15_2017
209,harvest,harvest,A,2,20,2017,2/20/2017,0.186621807,0,0.289693593,0.313984053,0.591000454,53.12754847,harvest_harvest_A_2_20_2017
210,harvest,harvest,B,2,20,2017,2/20/2017,2.177660812,0,0.249520154,0.270442118,0.591000454,45.76005254,harvest_harvest_B_2_20_2017
211,harvest,harvest,C,2,20,2017,2/20/2017,1.228299422,0,0.252307692,0.273463389,0.591000454,46.27126544,harvest_harvest_C_2_20_2017
212,harvest,harvest,D,2,20,2017,2/20/2017,1.068183507,0,0.264631043,0.286820038,0.591000454,48.53127201,harvest_harvest_D_2_20_2017
213,harvest,harvest,E,2,20,2017,2/20/2017,0,0,0.228710462,0.247887559,0.591000454,41.94371726,harvest_harvest_E_2_20_2017
215,planted,planted,B,2,20,2017,2/20/2017,0,0,0.155357143,0.17282103,0.580222179,29.78531949,planted_planted_B_2_20_2017
216,planted,planted,C,2,20,2017,2/20/2017,-0.076373949,0,0.155015198,0.172440646,0.580222179,29.7197612,planted_planted_C_2_20_2017
234,torre de soja,soy,A,2,21,2017,2/21/2017,0,0,0.213541667,0.269238617,0.524217078,51.36013835,torre de soja_soy_A_2_21_2017
235,torre de soja,soy,B,2,21,2017,2/21/2017,0.315896272,0,0.209267564,0.263849722,0.524217078,50.33214915,torre de soja_soy_B_2_21_2017
236,torre de soja,soy,C,2,21,2017,2/21/2017,0,0,0.219672131,0.276968058,0.524217078,52.83461174,torre de soja_soy_C_2_21_2017
237,torre de soja,soy,D,2,21,2017,2/21/2017,1.015187505,0,0.212914485,0.268447851,0.524217078,51.20929131,torre de soja_soy_D_2_21_2017
238,torre de soja,soy,E,2,21,2017,2/21/2017,0,0,0.255474453,0.322108511,0.524217078,61.44563463,torre de soja_soy_E_2_21_2017
248,app2,forest,A,2,22,2017,2/22/2017,0,0,0.187692308,0.157635739,0.683070738,23.07751305,app2_forest_A_2_22_2017
249,app2,forest,B,2,22,2017,2/22/2017,0,0,0.37236534,0.312735701,0.683070738,45.78379418,app2_forest_B_2_22_2017
250,app2,forest,C,2,22,2017,2/22/2017,0,0,0.469244288,0.394100701,0.683070738,57.69544485,app2_forest_C_2_22_2017
251,area2,forest,A,2,22,2017,2/22/2017,0,0,0.25106383,0.230875192,0.6529858,35.35684724,area2_forest_A_2_22_2017
252,area2,forest,B,2,22,2017,2/22/2017,0,0,0.24822695,0.228266433,0.6529858,34.95733485,area2_forest_B_2_22_2017
253,area2,forest,C,2,22,2017,2/22/2017,0.01066529,0,0.334773218,0.30785331,0.6529858,47.14548306,area2_forest_C_2_22_2017
254,area2,forest,D,2,22,2017,2/22/2017,0.147535795,0,0.243319269,0.223753389,0.6529858,34.26619525,area2_forest_D_2_22_2017
255,area2,forest,E,2,22,2017,2/22/2017,0,0,0.250420168,0.230283289,0.6529858,35.26620157,area2_forest_E_2_22_2017
388,mutum,soy,A,3,28,2017,3/28/2017,16.27450458,8.027477886,0.315145814,0.245033992,0.706594048,34.67818518,mutum_soy_A_3_28_2017
389,mutum,soy,B,3,28,2017,3/28/2017,23.43964016,11.60617109,0.355846774,0.276680038,0.706594048,39.15685944,mutum_soy_B_3_28_2017
390,mutum,soy,C,3,28,2017,3/28/2017,0.064308106,1.720518073,0.338129496,0.262904398,0.706594048,37.20727606,mutum_soy_C_3_28_2017
391,mutum,soy,D,3,28,2017,3/28/2017,0.322085807,2.496259055,0.299915754,0.233192228,0.706594048,33.00229165,mutum_soy_D_3_28_2017
392,mutum,soy,E,3,28,2017,3/28/2017,3.706616785,6.315144304,0.312307692,0.24282728,0.706594048,34.36588245,mutum_soy_E_3_28_2017
396,area2,soy,A,3,28,2017,3/28/2017,15.40554593,5.042582363,0.248275862,0.228311411,0.6529858,34.96422299,area2_soy_A_3_28_2017
398,area2,soy,C,3,28,2017,3/28/2017,18.06634912,8.164447362,0.238225256,0.219068998,0.6529858,33.54881502,area2_soy_C_3_28_2017
399,area2,soy,D,3,28,2017,3/28/2017,2.276821076,7.630210016,0.233379501,0.214612902,0.6529858,32.86639651,area2_soy_D_3_28_2017
400,area2,soy,E,3,28,2017,3/28/2017,15.19493529,11.27865114,0.243101183,0.22355284,0.6529858,34.23548261,area2_soy_E_3_28_2017
404,torre de soja,soy,A,3,28,2017,3/28/2017,1.252963477,2.267988353,0.108938547,0.137352416,0.524217078,26.20143861,torre de soja_soy_A_3_28_2017
405,torre de soja,soy,B,3,28,2017,3/28/2017,6.677944752,3.44270328,0.129299363,0.163023836,0.524217078,31.09853585,torre de soja_soy_B_3_28_2017
406,torre de soja,soy,C,3,28,2017,3/28/2017,3.832317493,2.672828166,0.101230425,0.127633825,0.524217078,24.34751361,torre de soja_soy_C_3_28_2017
407,torre de soja,soy,D,3,28,2017,3/28/2017,1.519009849,1.602659882,0.093575419,0.117982204,0.524217078,22.50636394,torre de soja_soy_D_3_28_2017
408,torre de soja,soy,E,3,28,2017,3/28/2017,3.992132414,4.258980294,0.105452675,0.132957342,0.524217078,25.36303129,torre de soja_soy_E_3_28_2017
412,area1,forest,A,3,28,2017,3/28/2017,0.386265357,2.61153161,0.18542654,0.163124379,0.668028269,24.41878384,area1_forest_A_3_28_2017
413,area1,forest,B,3,28,2017,3/28/2017,2.514557072,10.55810089,0.205899036,0.181134547,0.668028269,27.11480265,area1_forest_B_3_28_2017
414,area1,forest,C,3,28,2017,3/28/2017,0.355452632,3.329580895,0.231257942,0.203443413,0.668028269,30.45431186,area1_forest_C_3_28_2017
415,area1,forest,D,3,28,2017,3/28/2017,1.047926999,5.961731241,0.202739726,0.178355223,0.668028269,26.69875379,area1_forest_D_3_28_2017
420,area2,forest,A,3,28,2017,3/28/2017,4.235818174,3.337369764,0.25,0.229896907,0.6529858,35.20703009,area2_forest_A_3_28_2017
421,area2,forest,B,3,28,2017,3/28/2017,0.681439236,3.698895224,0.238644557,0.219454582,0.6529858,33.60786434,area2_forest_B_3_28_2017
422,area2,forest,C,3,28,2017,3/28/2017,1.283437967,3.624915951,0.258823529,0.238010916,0.6529858,36.44963116,area2_forest_C_3_28_2017
423,area2,forest,D,3,28,2017,3/28/2017,3.806784405,3.333310491,0.233261339,0.214504242,0.6529858,32.84975594,area2_forest_D_3_28_2017
424,area2,forest,E,3,28,2017,3/28/2017,3.298019954,8.003260239,0.222977146,0.205047025,0.6529858,31.40145241,area2_forest_E_3_28_2017
428,app2,forest,A,3,28,2017,3/28/2017,1.51678583,9.503247676,0.203947368,0.171287755,0.683070738,25.07613719,app2_forest_A_3_28_2017
429,app2,forest,B,3,28,2017,3/28/2017,3.883725086,16.80577422,0.157894737,0.132609875,0.683070738,19.41378363,app2_forest_B_3_28_2017
430,app2,forest,C,3,28,2017,3/28/2017,0,0,0.128898129,0.10825671,0.683070738,15.84853577,app2_forest_C_3_28_2017
431,app2,forest,D,3,28,2017,3/28/2017,0.672629489,4.661582846,0.281713344,0.236600486,0.683070738,34.63777211,app2_forest_D_3_28_2017
432,app2,forest,E,3,28,2017,3/28/2017,0.580650694,3.234500769,0.174491941,0.146549245,0.683070738,21.45447567,app2_forest_E_3_28_2017
436,T15,maize,A,3,29,2017,3/29/2017,0.00838307,9.799324456,0.267033723,0.348355127,0.507722233,68.6113596,T15_maize_A_3_29_2017
437,T15,maize,B,3,29,2017,3/29/2017,0,7.979213958,0.236722307,0.30881279,0.507722233,60.82317655,T15_maize_B_3_29_2017
438,T15,maize,C,3,29,2017,3/29/2017,0,5.817715436,0.2183345,0.284825233,0.507722233,56.09863309,T15_maize_C_3_29_2017
439,T15,maize,D,3,29,2017,3/29/2017,0,5.171093104,0.227810651,0.297187214,0.507722233,58.53342527,T15_maize_D_3_29_2017
440,T15,maize,E,3,29,2017,3/29/2017,0,3.983754123,0.181513731,0.236791211,0.507722233,46.63794407,T15_maize_E_3_29_2017
460,torre de soja,soy,A,4,25,2017,4/25/2017,7.928974722,3.363991962,0.269054878,0.339231047,0.524217078,64.71194112,torre de soja_soy_A_4_25_2017
461,torre de soja,soy,B,4,25,2017,4/25/2017,5.944606149,2.325665728,0.279683377,0.352631722,0.524217078,67.26826281,torre de soja_soy_B_4_25_2017
462,torre de soja,soy,C,4,25,2017,4/25/2017,9.576221704,4.066350099,0.281207133,0.354552911,0.524217078,67.63475009,torre de soja_soy_C_4_25_2017
463,torre de soja,soy,D,4,25,2017,4/25/2017,0,1.73631701,0.26746988,0.337232642,0.524217078,64.33072398,torre de soja_soy_D_4_25_2017
464,torre de soja,soy,E,4,25,2017,4/25/2017,1.796596454,4.397935045,0.268363636,0.338359513,0.524217078,64.5456866,torre de soja_soy_E_4_25_2017
468,area1,forest,A,4,25,2017,4/25/2017,1.965098791,3.284904382,0.225618632,0.19848237,0.668028269,29.71167229,area1_forest_A_4_25_2017
469,area1,forest,B,4,25,2017,4/25/2017,2.340952565,21.78211664,0.172294969,0.151572206,0.668028269,22.68948985,area1_forest_B_4_25_2017
470,area1,forest,C,4,25,2017,4/25/2017,3.125013234,16.18654694,0.199862637,0.175824176,0.668028269,26.31987056,area1_forest_C_4_25_2017
471,area1,forest,D,4,25,2017,4/25/2017,1.165148087,2.563703933,0.181757656,0.15989677,0.668028269,23.93562927,area1_forest_D_4_25_2017
472,area1,forest,E,4,25,2017,4/25/2017,4.022052992,4.656505562,0.207310109,0.182375903,0.668028269,27.30062654,area1_forest_E_4_25_2017
476,area2,soy,A,4,25,2017,4/25/2017,17.30380456,6.326558671,0.284567351,0.261684615,0.6529858,40.0750851,area2_soy_A_4_25_2017
477,area2,soy,B,4,25,2017,4/25/2017,11.55427074,4.83224432,0.246013667,0.226231125,0.6529858,34.64564237,area2_soy_B_4_25_2017
478,area2,soy,C,4,25,2017,4/25/2017,7.395539056,2.120600748,0.257042254,0.236372876,0.6529858,36.19877742,area2_soy_C_4_25_2017
479,area2,soy,D,4,25,2017,4/25/2017,5.588631035,1.733977001,0.249313187,0.229265322,0.6529858,35.11030748,area2_soy_D_4_25_2017
484,app2,forest,A,4,25,2017,4/25/2017,1.16265162,16.22820133,0.315448659,0.264933513,0.683070738,38.7856627,app2_forest_A_4_25_2017
485,app2,forest,B,4,25,2017,4/25/2017,4.519452925,7.774213578,0.238287561,0.200128797,0.683070738,29.2983999,app2_forest_B_4_25_2017
486,app2,forest,C,4,25,2017,4/25/2017,0.584528628,6.47004922,0.22687747,0.190545889,0.683070738,27.89548409,app2_forest_C_4_25_2017
487,app2,forest,D,4,25,2017,4/25/2017,1.828430553,4.670340432,0.183296378,0.153943763,0.683070738,22.53701613,app2_forest_D_4_25_2017
488,app2,forest,E,4,25,2017,4/25/2017,2.078425268,29.05233856,0.262266355,0.220267688,0.683070738,32.24668772,app2_forest_E_4_25_2017
492,T15,maize,A,4,25,2017,4/25/2017,0.889412105,0,0.269054878,0.350991796,0.507722233,69.13067293,T15_maize_A_4_25_2017
493,T15,maize,B,4,25,2017,4/25/2017,9.9160547,4.185682323,0.279683377,0.364857057,0.507722233,71.86154818,T15_maize_B_4_25_2017
494,T15,maize,C,4,25,2017,4/25/2017,15.19000085,6.781344483,0.281207133,0.366844852,0.507722233,72.25306035,T15_maize_C_4_25_2017
495,T15,maize,D,4,25,2017,4/25/2017,14.90650197,6.596292552,0.26746988,0.348924109,0.507722233,68.7234251,T15_maize_D_4_25_2017
496,T15,maize,E,4,25,2017,4/25/2017,0,2.865088685,0.268363636,0.350090047,0.507722233,68.95306603,T15_maize_E_4_25_2017
500,T18,maize,A,4,25,2017,4/25/2017,9.504208858,4.129630762,0.206978588,0.24193023,0.558918498,43.28542194,T18_maize_A_4_25_2017
501,T18,maize,B,4,25,2017,4/25/2017,4.447703936,1.694360767,0.210068365,0.245541766,0.558918498,43.93158686,T18_maize_B_4_25_2017
502,T18,maize,C,4,25,2017,4/25/2017,7.324725689,2.87647533,0.21433061,0.250523758,0.558918498,44.82294978,T18_maize_C_4_25_2017
503,T18,maize,D,4,25,2017,4/25/2017,10.22287735,4.189286286,0.223009815,0.260668585,0.558918498,46.63803148,T18_maize_D_4_25_2017
504,T18,maize,E,4,25,2017,4/25/2017,6.869072228,2.599177425,0.227810651,0.266280119,0.558918498,47.64203013,T18_maize_E_4_25_2017
508,T27,maize,A,4,24,2017,4/24/2017,1.083961724,0,0.256461233,0.276687299,0.592880763,46.66828749,T27_maize_A_4_24_2017
509,T27,maize,B,4,24,2017,4/24/2017,10.61805107,4.205627132,0.251181102,0.270990746,0.592880763,45.70746143,T27_maize_B_4_24_2017
510,T27,maize,C,4,24,2017,4/24/2017,6.486043363,1.91062241,0.263197587,0.283954922,0.592880763,47.89410282,T27_maize_C_4_24_2017
511,T27,maize,D,4,24,2017,4/24/2017,4.013471459,1.038376919,0.234086242,0.252547683,0.592880763,42.59670728,T27_maize_D_4_24_2017
516,area2,forest,A,4,24,2017,4/24/2017,1.951949529,5.094676169,0.286211699,0.263196738,0.6529858,40.30665562,area2_forest_A_4_24_2017
517,area2,forest,B,4,24,2017,4/24/2017,12.64037083,4.360816421,0.257383966,0.236687111,0.6529858,36.24690018,area2_forest_B_4_24_2017
518,area2,forest,C,4,24,2017,4/24/2017,1.272651861,4.016875909,0.303220738,0.27883804,0.6529858,42.70200665,area2_forest_C_4_24_2017
519,area2,forest,D,4,24,2017,4/24/2017,2.495395317,3.882693594,0.239376771,0.220127917,0.6529858,33.71098066,area2_forest_D_4_24_2017
520,area2,forest,E,4,24,2017,4/24/2017,11.49436048,4.20020436,0.251798561,0.231550842,0.6529858,35.46031808,area2_forest_E_4_24_2017
524,mutum,soy,A,4,24,2017,4/24/2017,3.563408833,6.776024557,0.328883495,0.255715394,0.706594048,36.18985959,mutum_soy_A_4_24_2017
525,mutum,soy,B,4,24,2017,4/24/2017,4.899083997,4.627239796,0.315339039,0.24518423,0.706594048,34.69944739,mutum_soy_B_4_24_2017
526,mutum,soy,C,4,24,2017,4/24/2017,3.75733583,4.935888455,0.326640927,0.253971739,0.706594048,35.94309062,mutum_soy_C_4_24_2017
527,mutum,soy,D,4,24,2017,4/24/2017,4.801499765,6.369728226,0.36713055,0.285453465,0.706594048,40.39850966,mutum_soy_D_4_24_2017
528,mutum,soy,E,4,24,2017,4/24/2017,19.61005396,5.981384051,0.331719128,0.257920172,0.706594048,36.50188852,mutum_soy_E_4_24_2017
532,torre de soja,soy,A,5,18,2017,5/18/2017,0.248873681,1.470942142,0.109855618,0.138508682,0.524217078,26.42200861,torre de soja_soy_A_5_18_2017
533,torre de soja,soy,B,5,18,2017,5/18/2017,0.069065297,1.248725734,0.117034314,0.147559758,0.524217078,28.14859806,torre de soja_soy_B_5_18_2017
534,torre de soja,soy,C,5,18,2017,5/18/2017,0.068534155,2.004087284,0.120458891,0.15187755,0.524217078,28.97226291,torre de soja_soy_C_5_18_2017
535,torre de soja,soy,D,5,18,2017,5/18/2017,0.104535106,2.119189095,0.130653266,0.164730871,0.524217078,31.42417093,torre de soja_soy_D_5_18_2017
536,torre de soja,soy,E,5,18,2017,5/18/2017,0,1.147970513,0.108462455,0.136752147,0.524217078,26.08693094,torre de soja_soy_E_5_18_2017
540,area1,forest,A,5,18,2017,5/18/2017,4.584558304,3.14669528,0.208751793,0.183644189,0.668028269,27.49048174,area1_forest_A_5_18_2017
541,area1,forest,B,5,18,2017,5/18/2017,3.094785883,2.631013197,0.244269341,0.214889867,0.668028269,32.16778044,area1_forest_B_5_18_2017
542,area1,forest,C,5,18,2017,5/18/2017,8.709574897,21.51274122,0.160351827,0.141065525,0.668028269,21.11669986,area1_forest_C_5_18_2017
543,area1,forest,D,5,18,2017,5/18/2017,1.705075995,1.995560369,0.174184594,0.153234557,0.668028269,22.9383342,area1_forest_D_5_18_2017
548,mutum,soy,A,5,18,2017,5/18/2017,32.09052026,1.483815555,0.204067797,0.158667971,0.706594048,22.45532237,mutum_soy_A_5_18_2017
549,mutum,soy,B,5,18,2017,5/18/2017,21.23859789,2.178622106,0.212352533,0.165109567,0.706594048,23.36696266,mutum_soy_B_5_18_2017
550,mutum,soy,C,5,18,2017,5/18/2017,37.52385748,4.62445562,0.236578171,0.183945625,0.706594048,26.03271651,mutum_soy_C_5_18_2017
551,mutum,soy,D,5,18,2017,5/18/2017,44.33105115,2.975992959,0.217640321,0.169220959,0.706594048,23.94882311,mutum_soy_D_5_18_2017
552,mutum,soy,E,5,18,2017,5/18/2017,81.86691404,6.535465195,0.201001431,0.156283793,0.706594048,22.11790393,mutum_soy_E_5_18_2017
556,area2,soy,A,5,18,2017,5/18/2017,3.251814892,4.320001576,0.15125448,0.139091749,0.6529858,21.30088416,area2_soy_A_5_18_2017
557,area2,soy,B,5,18,2017,5/18/2017,3.856495922,7.906012561,0.163868905,0.150691818,0.6529858,23.07734986,area2_soy_B_5_18_2017
558,area2,soy,C,5,18,2017,5/18/2017,7.47484267,4.576882736,0.161033797,0.148084688,0.6529858,22.67808698,area2_soy_C_5_18_2017
559,area2,soy,D,5,18,2017,5/18/2017,4.483304512,7.712719592,0.161308204,0.148337029,0.6529858,22.71673117,area2_soy_D_5_18_2017
560,area2,soy,E,5,18,2017,5/18/2017,1.776352255,4.210953421,0.149655604,0.137621442,0.6529858,21.07571745,area2_soy_E_5_18_2017
564,area2,forest,A,5,18,2017,5/18/2017,10.30150686,3.771278482,0.227416799,0.209129675,0.6529858,32.02668031,area2_forest_A_5_18_2017
565,area2,forest,B,5,18,2017,5/18/2017,23.78135615,4.6622129,0.223712068,0.20572285,0.6529858,31.50495001,area2_forest_B_5_18_2017
566,area2,forest,C,5,18,2017,5/18/2017,5.726599997,4.5493656,0.210803689,0.193852465,0.6529858,29.6870873,area2_forest_C_5_18_2017
567,area2,forest,D,5,18,2017,5/18/2017,6.621039056,3.79299706,0.205111821,0.188618293,0.6529858,28.88551223,area2_forest_D_5_18_2017
568,area2,forest,E,5,18,2017,5/18/2017,11.42967302,3.565414176,0.220770289,0.203017626,0.6529858,31.09066482,area2_forest_E_5_18_2017
572,T27,maize,A,5,18,2017,5/18/2017,3.627839083,7.554208238,0.201550388,0.217445856,0.592880763,36.6761531,T27_maize_A_5_18_2017
573,T27,maize,B,5,18,2017,5/18/2017,6.768578882,3.839781134,0.202768166,0.218759676,0.592880763,36.89775243,T27_maize_B_5_18_2017
574,T27,maize,C,5,18,2017,5/18/2017,5.70511294,5.91326434,0.201497617,0.217388924,0.592880763,36.66655051,T27_maize_C_5_18_2017
575,T27,maize,D,5,18,2017,5/18/2017,10.53107992,4.066021491,0.197882197,0.21348837,0.592880763,36.00865197,T27_maize_D_5_18_2017
580,app2,forest,A,5,30,2017,5/30/2017,8.563658271,3.088205726,0.17311609,0.145393719,0.683070738,21.28530928,app2_forest_A_5_30_2017
581,app2,forest,B,5,30,2017,5/30/2017,0.71037884,2.124463144,0.129652605,0.108890367,0.683070738,15.94130165,app2_forest_B_5_30_2017
582,app2,forest,C,5,30,2017,5/30/2017,4.678217239,3.888086581,0.130012937,0.109192996,0.683070738,15.9856058,app2_forest_C_5_30_2017
583,app2,forest,D,5,30,2017,5/30/2017,1.600015983,2.150923604,0.182275299,0.153086196,0.683070738,22.41147031,app2_forest_D_5_30_2017
584,app2,forest,E,5,30,2017,5/30/2017,0.788281928,2.751530899,0.19004894,0.159614986,0.683070738,23.36727029,app2_forest_E_5_30_2017
588,T15,maize,A,5,30,2017,5/30/2017,2.233331766,0.873304963,0.159581882,0.208180322,0.507722233,41.00279816,T15_maize_A_5_30_2017
589,T15,maize,B,5,30,2017,5/30/2017,4.218307647,1.969568358,0.175946548,0.22952862,0.507722233,45.20751805,T15_maize_B_5_30_2017
590,T15,maize,C,5,30,2017,5/30/2017,6.988249488,3.276805987,0.168045831,0.21922185,0.507722233,43.17751621,T15_maize_C_5_30_2017
591,T15,maize,D,5,30,2017,5/30/2017,13.88232673,1.283220788,0.175684703,0.229187034,0.507722233,45.14023984,T15_maize_D_5_30_2017
592,T15,maize,E,5,30,2017,5/30/2017,4.217084866,1.137364193,0.157894737,0.205979381,0.507722233,40.56930501,T15_maize_E_5_30_2017
596,T18,maize,A,5,31,2017,5/31/2017,8.342342908,2.977095974,0.127562642,0.149103633,0.558918498,26.67716908,T18_maize_A_5_31_2017
597,T18,maize,B,5,31,2017,5/31/2017,3.916298913,3.272515603,0.14024788,0.163930976,0.558918498,29.33003219,T18_maize_B_5_31_2017
598,T18,maize,C,5,31,2017,5/31/2017,6.035052127,3.561010228,0.139534884,0.163097578,0.558918498,29.18092332,T18_maize_C_5_31_2017
599,T18,maize,D,5,31,2017,5/31/2017,8.161090682,3.117084116,0.135785953,0.158715581,0.558918498,28.39690966,T18_maize_D_5_31_2017
600,T18,maize,E,5,31,2017,5/31/2017,4.924311524,3.884686579,0.148993289,0.174153186,0.558918498,31.15895906,T18_maize_E_5_31_2017
604,torre de soja,soy,A,6,29,2017,6/29/2017,0.976664349,1.488890734,0.013381369,0.016871561,0.524217078,3.218430271,torre de soja_soy_A_6_29_2017
605,torre de soja,soy,B,6,29,2017,6/29/2017,1.633494577,1.05961043,0.016683023,0.021034368,0.524217078,4.012530017,torre de soja_soy_B_6_29_2017
606,torre de soja,soy,C,6,29,2017,6/29/2017,3.100884081,2.508882175,0.016616314,0.02095026,0.524217078,3.996485602,torre de soja_soy_C_6_29_2017
607,torre de soja,soy,D,6,29,2017,6/29/2017,5.22457394,4.31884799,0.026302479,0.033162816,0.524217078,6.326160866,torre de soja_soy_D_6_29_2017
608,torre de soja,soy,E,6,29,2017,6/29/2017,2.536295232,2.381810326,0.035253227,0.044448141,0.524217078,8.47895713,torre de soja_soy_E_6_29_2017
612,area1,forest,A,6,29,2017,6/29/2017,10.29115569,1.686825142,0.181532663,0.159698838,0.668028269,23.90599996,area1_forest_A_6_29_2017
613,area1,forest,B,6,29,2017,6/29/2017,34.16897932,5.07462911,0.139732685,0.122926349,0.668028269,18.40136926,area1_forest_B_6_29_2017
614,area1,forest,C,6,29,2017,6/29/2017,17.81912698,20.50435531,0.143045485,0.125840701,0.668028269,18.83763112,area1_forest_C_6_29_2017
615,area1,forest,D,6,29,2017,6/29/2017,13.06867825,2.752274692,0.130924171,0.115177277,0.668028269,17.24137773,area1_forest_D_6_29_2017
616,area1,forest,E,6,29,2017,6/29/2017,21.41589695,29.18790929,0.173316708,0.152471056,0.668028269,22.82404249,area1_forest_E_6_29_2017
620,mutum,soy,A,6,29,2017,6/29/2017,0,1.008516115,0.151890034,0.118098416,0.706594048,16.7137576,mutum_soy_A_6_29_2017
621,mutum,soy,B,6,29,2017,6/29/2017,0,1.986619665,0.090909091,0.070684161,0.706594048,10.00350362,mutum_soy_B_6_29_2017
622,mutum,soy,C,6,29,2017,6/29/2017,0,2.874416953,0.123986095,0.096402384,0.706594048,13.64324886,mutum_soy_C_6_29_2017
623,mutum,soy,D,6,29,2017,6/29/2017,92.60697833,5.057244452,0.115617433,0.089895534,0.706594048,12.72237355,mutum_soy_D_6_29_2017
624,mutum,soy,E,6,29,2017,6/29/2017,132.9007877,3.681279653,0.112272977,0.087295134,0.706594048,12.3543545,mutum_soy_E_6_29_2017
628,area2,soy,A,6,29,2017,6/29/2017,91.50003779,11.71504231,0.058096415,0.053424745,0.6529858,8.181608971,area2_soy_A_6_29_2017
629,area2,soy,B,6,29,2017,6/29/2017,20.24955932,0.821911127,0.077613855,0.071372741,0.6529858,10.93021332,area2_soy_B_6_29_2017
630,area2,soy,C,6,29,2017,6/29/2017,0,0,0.090196078,0.082943198,0.6529858,12.70214419,area2_soy_C_6_29_2017
631,area2,soy,D,6,29,2017,6/29/2017,29.69865978,3.702224177,0.06698281,0.061596563,0.6529858,9.433063191,area2_soy_D_6_29_2017
632,area2,soy,E,6,29,2017,6/29/2017,0,0.87184583,0.073361395,0.067462231,0.6529858,10.33134738,area2_soy_E_6_29_2017
636,area2,forest,A,6,29,2017,6/29/2017,16.02391549,3.322682575,0.221169036,0.20338431,0.6529858,31.14681967,area2_forest_A_6_29_2017
637,area2,forest,B,6,29,2017,6/29/2017,28.27207444,4.202332489,0.207084469,0.190432316,0.6529858,29.16331648,area2_forest_B_6_29_2017
638,area2,forest,C,6,29,2017,6/29/2017,12.02009079,2.925663153,0.21184669,0.194811595,0.6529858,29.83397115,area2_forest_C_6_29_2017
639,area2,forest,D,6,29,2017,6/29/2017,25.8475487,7.803568799,0.203576341,0.187206285,0.6529858,28.66927347,area2_forest_D_6_29_2017
644,app2,forest,A,6,29,2017,6/29/2017,18.00468608,13.42322295,0.144130758,0.121050025,0.683070738,17.72144786,app2_forest_A_6_29_2017
645,app2,forest,B,6,29,2017,6/29/2017,16.60440375,5.387715569,0.129102845,0.108428643,0.683070738,15.87370638,app2_forest_B_6_29_2017
646,app2,forest,C,6,29,2017,6/29/2017,27.83162557,2.889645714,0.111397628,0.093558695,0.683070738,13.69677979,app2_forest_C_6_29_2017
647,app2,forest,D,6,29,2017,6/29/2017,28.83748853,4.040859883,0.08591467,0.072156513,0.683070738,10.56354913,app2_forest_D_6_29_2017
648,app2,forest,E,6,29,2017,6/29/2017,4.689179382,3.262826025,0.122570194,0.102942115,0.683070738,15.07049114,app2_forest_E_6_29_2017
652,T27,maize,A,6,29,2017,6/29/2017,15.21507249,0.718651816,0.14825415,0.159946359,0.592880763,26.97782906,T27_maize_A_6_29_2017
653,T27,maize,B,6,29,2017,6/29/2017,14.64096593,0.584734749,0.164285714,0.177242268,0.592880763,29.89509513,T27_maize_B_6_29_2017
654,T27,maize,C,6,29,2017,6/29/2017,6.358235387,0.689722451,0.13362069,0.144158816,0.592880763,24.31497617,T27_maize_C_6_29_2017
655,T27,maize,D,6,29,2017,6/29/2017,10.89445168,0.530396995,0.125,0.134858247,0.592880763,22.74626803,T27_maize_D_6_29_2017
656,T27,maize,E,6,29,2017,6/29/2017,36.57451095,2.300678295,0.15,0.161829897,0.592880763,27.29552164,T27_maize_E_6_29_2017
660,T18,maize,A,6,29,2017,6/29/2017,16.56142806,1.137556179,0.097860963,0.11438635,0.558918498,20.46565825,T18_maize_A_6_29_2017
661,T18,maize,B,6,29,2017,6/29/2017,5.290394874,0,0.111050027,0.129802599,0.558918498,23.22388675,T18_maize_B_6_29_2017
662,T18,maize,C,6,29,2017,6/29/2017,9.605141977,2.097101775,0.120133482,0.14041994,0.558918498,25.12350907,T18_maize_C_6_29_2017
663,T18,maize,D,6,29,2017,6/29/2017,11.46160919,1.610118752,0.126111111,0.147406987,0.558918498,26.37361042,T18_maize_D_6_29_2017
664,T18,maize,E,6,29,2017,6/29/2017,14.39257547,2.359883255,0.106170094,0.124098611,0.558918498,22.2033466,T18_maize_E_6_29_2017
668,T15,maize,A,6,29,2017,6/29/2017,0,0,0.093128904,0.121490016,0.507722233,23.92844111,T15_maize_A_6_29_2017
669,T15,maize,B,6,29,2017,6/29/2017,28.51488139,3.843782608,0.129779838,0.169302481,0.507722233,33.34549287,T15_maize_B_6_29_2017
670,T15,maize,C,6,29,2017,6/29/2017,21.94444724,2.765151638,0.142461197,0.185845772,0.507722233,36.60382785,T15_maize_C_6_29_2017
671,T15,maize,D,6,29,2017,6/29/2017,39.13713245,2.739718547,0.134765625,0.17580662,0.507722233,34.62653572,T15_maize_D_6_29_2017
676,torre de soja,soy,A,7,25,2017,7/25/2017,4.241649198,5.028483094,0.017281106,0.021788446,0.524217078,4.156378511,torre de soja_soy_A_7_25_2017
677,torre de soja,soy,B,7,25,2017,7/25/2017,1.074315832,5.72317599,0.023143684,0.029180129,0.524217078,5.566420903,torre de soja_soy_B_7_25_2017
678,torre de soja,soy,C,7,25,2017,7/25/2017,1.785608082,2.207308416,0.014799154,0.01865914,0.524217078,3.559429998,torre de soja_soy_C_7_25_2017
679,torre de soja,soy,D,7,25,2017,7/25/2017,2.137694159,4.769953234,0.015810277,0.019933988,0.524217078,3.802620867,torre de soja_soy_D_7_25_2017
680,torre de soja,soy,E,7,25,2017,7/25/2017,6.954928292,2.565805939,0.015684154,0.019774969,0.524217078,3.772286277,torre de soja_soy_E_7_25_2017
684,area1,forest,A,7,25,2017,7/25/2017,9.307235518,11.78830982,0.174780059,0.153758402,0.668028269,23.01675081,area1_forest_A_7_25_2017
685,area1,forest,B,7,25,2017,7/25/2017,13.63587941,4.30350056,0.144744745,0.127335583,0.668028269,19.06140636,area1_forest_B_7_25_2017
686,area1,forest,C,7,25,2017,7/25/2017,15.00174005,2.776043819,0.157824934,0.138842553,0.668028269,20.78393381,area1_forest_C_7_25_2017
687,area1,forest,D,7,25,2017,7/25/2017,12.61162325,2.660803935,0.152671756,0.134309173,0.668028269,20.10531284,area1_forest_D_7_25_2017
688,area1,forest,E,7,25,2017,7/25/2017,9.700721428,15.72068086,0.165759226,0.145822549,0.668028269,21.82879913,area1_forest_E_7_25_2017
692,area2,soy,A,7,25,2017,7/25/2017,57.96201567,6.266292478,0.060481503,0.055618042,0.6529858,8.517496417,area2_soy_A_7_25_2017
693,area2,soy,B,7,25,2017,7/25/2017,22.97370821,4.121919715,0.090101523,0.082856246,0.6529858,12.68882811,area2_soy_B_7_25_2017
694,area2,soy,C,7,25,2017,7/25/2017,12.56610622,7.586447133,0.094975152,0.087337975,0.6529858,13.37517212,area2_soy_C_7_25_2017
695,area2,soy,D,7,25,2017,7/25/2017,0,0,0.09178744,0.084406594,0.6529858,12.92625259,area2_soy_D_7_25_2017
696,area2,soy,E,7,25,2017,7/25/2017,13.01267905,4.344652188,0.06875,0.063221649,0.6529858,9.681933276,area2_soy_E_7_25_2017
700,mutum,soy,A,7,25,2017,7/25/2017,0,5.600491238,0.057294743,0.044548139,0.706594048,6.304629867,mutum_soy_A_7_25_2017
701,mutum,soy,B,7,25,2017,7/25/2017,56.76881914,3.419343809,0.069190601,0.053797475,0.706594048,7.613632653,mutum_soy_B_7_25_2017
702,mutum,soy,C,7,25,2017,7/25/2017,83.11685988,7.42244878,0.065355697,0.050815739,0.706594048,7.191645462,mutum_soy_C_7_25_2017
703,mutum,soy,D,7,25,2017,7/25/2017,43.30717742,6.254413317,0.065773447,0.05114055,0.706594048,7.23761407,mutum_soy_D_7_25_2017
708,area2,forest,A,7,25,2017,7/25/2017,18.09434893,3.594519816,0.223369916,0.205408212,0.6529858,31.45676543,area2_forest_A_7_25_2017
709,area2,forest,B,7,25,2017,7/25/2017,14.42942131,2.406232082,0.205479452,0.188956362,0.6529858,28.93728501,area2_forest_B_7_25_2017
710,area2,forest,C,7,25,2017,7/25/2017,14.31865479,2.453665616,0.191547376,0.176144597,0.6529858,26.97525687,area2_forest_C_7_25_2017
711,area2,forest,D,7,25,2017,7/25/2017,0,0,0.196153846,0.18038065,0.6529858,27.62397746,area2_forest_D_7_25_2017
712,area2,forest,E,7,25,2017,7/25/2017,0,3.707399843,0.219317357,0.201681528,0.6529858,30.88605109,area2_forest_E_7_25_2017
716,T15,maize,A,7,25,2017,7/25/2017,31.11554754,3.360741811,0.10433191,0.136104741,0.507722233,26.80692942,T15_maize_A_7_25_2017
717,T15,maize,B,7,25,2017,7/25/2017,0,3.707181656,0.071906355,0.093804434,0.507722233,18.47554191,T15_maize_B_7_25_2017
718,T15,maize,C,7,25,2017,7/25/2017,0,3.158113201,0.074618736,0.097342834,0.507722233,19.17245841,T15_maize_C_7_25_2017
719,T15,maize,D,7,25,2017,7/25/2017,27.81621116,3.819983526,0.050511124,0.065893584,0.507722233,12.97827436,T15_maize_D_7_25_2017
720,T15,maize,E,7,25,2017,7/25/2017,0.051729646,0.266276755,0.087957497,0.114743729,0.507722233,22.59970533,T15_maize_E_7_25_2017
724,T18,maize,A,7,25,2017,7/25/2017,8.669089612,1.548661056,0.059214167,0.069213425,0.558918498,12.38345584,T18_maize_A_7_25_2017
725,T18,maize,B,7,25,2017,7/25/2017,7.804008913,0.965761151,0.035327635,0.041293271,0.558918498,7.388066626,T18_maize_B_7_25_2017
726,T18,maize,C,7,25,2017,7/25/2017,28.67137579,2.31676181,0.0444553,0.051962288,0.558918498,9.296934779,T18_maize_C_7_25_2017
727,T18,maize,D,7,25,2017,7/25/2017,0,2.066963629,0.059800664,0.069898962,0.558918498,12.50610999,T18_maize_D_7_25_2017
728,T18,maize,E,7,25,2017,7/25/2017,0,3.379881785,0.053373615,0.062386603,0.558918498,11.16202153,T18_maize_E_7_25_2017
732,T27,maize,A,7,25,2017,7/25/2017,0,2.517199195,0.10293272,0.11105061,0.592880763,18.7306819,T27_maize_A_7_25_2017
733,T27,maize,B,7,25,2017,7/25/2017,2.502090441,1.146347509,0.122626988,0.132298086,0.592880763,22.31445073,T27_maize_B_7_25_2017
734,T27,maize,C,7,25,2017,7/25/2017,6.936760966,1.014880505,0.125134844,0.135003726,0.592880763,22.77080554,T27_maize_C_7_25_2017
735,T27,maize,D,7,25,2017,7/25/2017,0,3.400463318,0.131729668,0.142118657,0.592880763,23.97086665,T27_maize_D_7_25_2017
740,app2,forest,A,7,25,2017,7/25/2017,23.42944572,9.996167057,0.269794721,0.226590481,0.683070738,33.17233019,app2_forest_A_7_25_2017
741,app2,forest,B,7,25,2017,7/25/2017,33.87233822,10.04191515,0.104643963,0.087886545,0.683070738,12.86638994,app2_forest_B_7_25_2017
742,app2,forest,C,7,25,2017,7/25/2017,13.76046753,6.665124086,0.079002079,0.066350887,0.683070738,9.713618698,app2_forest_C_7_25_2017
743,app2,forest,D,7,25,2017,7/25/2017,46.33099457,23.17360157,0.136208854,0.114396714,0.683070738,16.74741834,app2_forest_D_7_25_2017
744,app2,forest,E,7,25,2017,7/25/2017,24.51508272,7.434870189,0.160906516,0.135139355,0.683070738,19.78409376,app2_forest_E_7_25_2017
748,torre de soja,soy,A,8,24,2017,8/24/2017,0.336432327,4.377531611,0.006654836,0.008390582,0.524217078,1.600592967,torre de soja_soy_A_8_24_2017
749,torre de soja,soy,B,8,24,2017,8/24/2017,1.578135506,3.582493047,0.007788162,0.009819507,0.524217078,1.873175778,torre de soja_soy_B_8_24_2017
750,torre de soja,soy,C,8,24,2017,8/24/2017,3.272342936,3.66146264,0.007783883,0.009814112,0.524217078,1.87214656,torre de soja_soy_C_8_24_2017
751,torre de soja,soy,D,8,24,2017,8/24/2017,1.535492181,2.904521745,0.008550663,0.010780887,0.524217078,2.056569216,torre de soja_soy_D_8_24_2017
752,torre de soja,soy,E,8,24,2017,8/24/2017,1.367926349,2.751663371,0.007855823,0.009904815,0.524217078,1.889449209,torre de soja_soy_E_8_24_2017
756,area1,forest,A,8,24,2017,8/24/2017,25.70216569,14.24471265,0.107608696,0.094666069,0.668028269,14.17096751,area1_forest_A_8_24_2017
757,area1,forest,B,8,24,2017,8/24/2017,29.29496784,12.40637772,0.118737131,0.104456033,0.668028269,15.63646894,area1_forest_B_8_24_2017
758,area1,forest,C,8,24,2017,8/24/2017,23.32300521,10.25497817,0.108495982,0.095446637,0.668028269,14.28781402,area1_forest_C_8_24_2017
759,area1,forest,D,8,24,2017,8/24/2017,14.15415981,3.30226624,0.107187113,0.094295192,0.668028269,14.11544935,area1_forest_D_8_24_2017
760,area1,forest,E,8,24,2017,8/24/2017,21.73537991,26.60038591,0.12868801,0.113210071,0.668028269,16.94689819,area1_forest_E_8_24_2017
764,mutum,soy,A,8,24,2017,8/24/2017,70.08616934,10.64154971,0.054085832,0.042053128,0.706594048,5.951525965,mutum_soy_A_8_24_2017
765,mutum,soy,B,8,24,2017,8/24/2017,39.90023286,4.279389143,0.060187742,0.04679752,0.706594048,6.6229712,mutum_soy_B_8_24_2017
766,mutum,soy,C,8,24,2017,8/24/2017,79.05783454,7.893913362,0.051764706,0.040248393,0.706594048,5.696112651,mutum_soy_C_8_24_2017
767,mutum,soy,D,8,24,2017,8/24/2017,97.6211879,10.54712804,0.055403182,0.043077402,0.706594048,6.096485203,mutum_soy_D_8_24_2017
772,area2,soy,A,8,24,2017,8/24/2017,8.326245232,5.312438664,0.034822983,0.032022785,0.6529858,4.904055266,area2_soy_A_8_24_2017
773,area2,soy,B,8,24,2017,8/24/2017,10.5958262,5.980533236,0.028634361,0.026331804,0.6529858,4.032523271,area2_soy_B_8_24_2017
774,area2,soy,C,8,24,2017,8/24/2017,24.70005765,6.191891598,0.038104543,0.035040467,0.6529858,5.366191201,area2_soy_C_8_24_2017
775,area2,soy,D,8,24,2017,8/24/2017,10.97945818,2.58488927,0.037354871,0.034351078,0.6529858,5.260616309,area2_soy_D_8_24_2017
776,area2,soy,E,8,24,2017,8/24/2017,26.93350595,6.724187923,0.036488027,0.033553939,0.6529858,5.13854031,area2_soy_E_8_24_2017
780,area2,forest,A,8,25,2017,8/25/2017,24.60087542,7.89187988,0.186759582,0.171741801,0.6529858,26.30100088,area2_forest_A_8_25_2017
781,area2,forest,B,8,25,2017,8/25/2017,19.81731359,5.217265971,0.189725628,0.17446934,0.6529858,26.71870352,area2_forest_B_8_25_2017
782,area2,forest,C,8,25,2017,8/25/2017,31.81270337,29.74544426,0.203966006,0.187564616,0.6529858,28.7241492,area2_forest_C_8_25_2017
783,area2,forest,D,8,25,2017,8/25/2017,0,0,0.188137755,0.173009152,0.6529858,26.49508642,area2_forest_D_8_25_2017
784,area2,forest,E,8,25,2017,8/25/2017,32.76671426,29.3702899,0.168851599,0.155273842,0.6529858,23.77905336,area2_forest_E_8_25_2017
788,app2,forest,A,8,25,2017,8/25/2017,21.02333989,7.432674422,0.087674714,0.073634708,0.683070738,10.77995355,app2_forest_A_8_25_2017
789,app2,forest,B,8,25,2017,8/25/2017,35.75817703,8.089139196,0.07434555,0.062440042,0.683070738,9.141079971,app2_forest_B_8_25_2017
790,app2,forest,C,8,25,2017,8/25/2017,19.2579691,4.527216166,0.078717201,0.066111629,0.683070738,9.678591839,app2_forest_C_8_25_2017
791,app2,forest,D,8,25,2017,8/25/2017,32.74239807,21.81510334,0.100798403,0.084656803,0.683070738,12.39356314,app2_forest_D_8_25_2017
792,app2,forest,E,8,25,2017,8/25/2017,44.61901724,9.74417399,0.094958968,0.079752481,0.683070738,11.67558148,app2_forest_E_8_25_2017
796,T15,maize,A,8,25,2017,8/25/2017,38.76324815,7.648026322,0.06132879,0.08000562,0.507722233,15.7577539,T15_maize_A_8_25_2017
797,T15,maize,B,8,25,2017,8/25/2017,79.45057048,7.497325828,0.06778679,0.088430314,0.507722233,17.41706547,T15_maize_B_8_25_2017
798,T15,maize,C,8,25,2017,8/25/2017,36.47228002,5.01947758,0.063896104,0.083354773,0.507722233,16.41739667,T15_maize_C_8_25_2017
799,T15,maize,D,8,25,2017,8/25/2017,35.88079389,4.219568395,0.108813928,0.141951696,0.507722233,27.95853446,T15_maize_D_8_25_2017
804,T18,maize,A,8,25,2017,8/25/2017,23.99504384,2.658700737,0.046062407,0.053840781,0.558918498,9.633028922,T18_maize_A_8_25_2017
805,T18,maize,B,8,25,2017,8/25/2017,60.09350047,7.282946529,0.045405983,0.053073509,0.558918498,9.495750956,T18_maize_B_8_25_2017
806,T18,maize,C,8,25,2017,8/25/2017,45.05284973,4.893260509,0.049790356,0.058198254,0.558918498,10.41265477,T18_maize_C_8_25_2017
807,T18,maize,D,8,25,2017,8/25/2017,0,0,0.032829599,0.038373401,0.558918498,6.86565236,T18_maize_D_8_25_2017
808,T18,maize,E,8,25,2017,8/25/2017,150.4026617,0,0.80656304,0.942764097,0.558918498,,T18_maize_E_8_25_2017
812,T27,maize,A,8,25,2017,8/25/2017,40.40479165,6.909906416,0.054478785,0.058775307,0.592880763,9.913512311,T27_maize_A_8_25_2017
813,T27,maize,B,8,25,2017,8/25/2017,42.37838077,15.04576959,0.055615551,0.060001726,0.592880763,10.12036979,T27_maize_B_8_25_2017
814,T27,maize,C,8,25,2017,8/25/2017,46.31925954,14.49611275,0.051139522,0.05517269,0.592880763,9.305866187,T27_maize_C_8_25_2017
815,T27,maize,D,8,25,2017,8/25/2017,75.29263042,16.68203127,0.046770601,0.050459211,0.592880763,8.510853072,T27_maize_D_8_25_2017
816,T27,maize,E,8,25,2017,8/25/2017,10.53357745,5.478215386,0.048794489,0.052642714,0.592880763,8.879140219,T27_maize_E_8_25_2017
820,area1,forest,A,11,13,2017,11/13/2017,0.885948381,0,0.241071429,0.212076583,0.668028269,31.746648,area1_forest_A_11_13_2017
821,area1,forest,B,11,13,2017,11/13/2017,1.139861577,12.2812827,0.28049621,0.246759552,0.668028269,36.93848948,area1_forest_B_11_13_2017
822,area1,forest,C,11,13,2017,11/13/2017,1.881305046,2.126802047,0.203205128,0.178764649,0.668028269,26.76004251,area1_forest_C_11_13_2017
823,area1,forest,D,11,13,2017,11/13/2017,0.756676657,2.083150584,0.213653603,0.187956434,0.668028269,28.13600006,area1_forest_D_11_13_2017
824,area1,forest,E,11,13,2017,11/13/2017,10.34086384,1.092493087,0.215060625,0.189194227,0.668028269,28.32129055,area1_forest_E_11_13_2017
828,torre de soja,soy,A,11,13,2017,11/13/2017,1.63853173,0.741848393,0.156268928,0.197027731,0.524217078,37.5851415,torre de soja_soy_A_11_13_2017
829,torre de soja,soy,B,11,13,2017,11/13/2017,3.631766555,0,0.165967645,0.209256114,0.524217078,39.91783598,torre de soja_soy_B_11_13_2017
830,torre de soja,soy,C,11,13,2017,11/13/2017,1.653571053,0,0.146916566,0.185236041,0.524217078,35.33575095,torre de soja_soy_C_11_13_2017
831,torre de soja,soy,D,11,13,2017,11/13/2017,0.948034445,1.806992592,0.152830189,0.192692083,0.524217078,36.75807049,torre de soja_soy_D_11_13_2017
836,mutum,soy,A,11,13,2017,11/13/2017,3.049405366,1.682022201,0.190159574,0.14785397,0.706594048,20.92488191,mutum_soy_A_11_13_2017
837,mutum,soy,B,11,13,2017,11/13/2017,6.235696557,5.050837484,0.202793296,0.157677014,0.706594048,22.31507819,mutum_soy_B_11_13_2017
838,mutum,soy,C,11,13,2017,11/13/2017,17.12609883,0,0.21010101,0.16335895,0.706594048,23.11920837,mutum_soy_C_11_13_2017
839,mutum,soy,D,11,13,2017,11/13/2017,3.035466146,0,0.187456926,0.145752591,0.706594048,20.62748645,mutum_soy_D_11_13_2017
840,mutum,soy,E,11,13,2017,11/13/2017,9.067392582,0,0.19330855,0.15030238,0.706594048,21.2713906,mutum_soy_E_11_13_2017
844,area2,soy,A,11,13,2017,11/13/2017,11.36300746,0.705180774,0.136308806,0.125347892,0.6529858,19.19611291,area2_soy_A_11_13_2017
845,area2,soy,B,11,13,2017,11/13/2017,6.577591849,2.654062464,0.181266846,0.166690749,0.6529858,25.52746926,area2_soy_B_11_13_2017
846,area2,soy,C,11,13,2017,11/13/2017,10.05828099,2.368693856,0.122795558,0.112921276,0.6529858,17.29306769,area2_soy_C_11_13_2017
847,area2,soy,D,11,13,2017,11/13/2017,15.71914112,3.887109893,0.122014538,0.11220306,0.6529858,17.18307803,area2_soy_D_11_13_2017
848,area2,soy,E,11,13,2017,11/13/2017,14.47084981,2.204219871,0.111637348,0.102660324,0.6529858,15.72167785,area2_soy_E_11_13_2017
852,area2,forest,A,11,13,2017,11/13/2017,2.487243583,9.048794573,0.224592221,0.206532228,0.6529858,31.62890031,area2_forest_A_11_13_2017
853,area2,forest,B,11,13,2017,11/13/2017,11.06449968,21.52028285,0.23262662,0.213920562,0.6529858,32.76036958,area2_forest_B_11_13_2017
854,area2,forest,C,11,13,2017,11/13/2017,19.26974711,45.3138993,0.217956656,0.200430245,0.6529858,30.69442624,area2_forest_C_11_13_2017
855,area2,forest,D,11,13,2017,11/13/2017,2.175940771,1.767475915,0.206694069,0.190073309,0.6529858,29.10833727,area2_forest_D_11_13_2017
856,area2,forest,E,11,13,2017,11/13/2017,3.423722085,4.929979097,0.209154482,0.192335874,0.6529858,29.45483255,area2_forest_E_11_13_2017
860,app2,forest,A,11,13,2017,11/13/2017,17.67698931,4.386292812,0.165148064,0.138701673,0.683070738,20.30560892,app2_forest_A_11_13_2017
861,app2,forest,B,11,13,2017,11/13/2017,33.62726077,4.828333334,0.197097944,0.165535181,0.683070738,24.23397336,app2_forest_B_11_13_2017
862,app2,forest,C,11,13,2017,11/13/2017,16.59480971,1.464732901,0.236960721,0.199014434,0.683070738,29.13525974,app2_forest_C_11_13_2017
863,app2,forest,D,11,13,2017,11/13/2017,47.32726952,0,0.155682408,0.130751823,0.683070738,19.14176902,app2_forest_D_11_13_2017
868,T27,maize,A,11,13,2017,11/13/2017,2.88341972,7.344123186,0.215,0.231956185,0.592880763,39.12358101,T27_maize_A_11_13_2017
869,T27,maize,B,11,13,2017,11/13/2017,0.622635774,0.033980196,0.217100372,0.234222205,0.592880763,39.50578596,T27_maize_B_11_13_2017
870,T27,maize,C,11,13,2017,11/13/2017,7.821362394,8.852803818,0.21716515,0.234292092,0.592880763,39.51757359,T27_maize_C_11_13_2017
871,T27,maize,D,11,13,2017,11/13/2017,1.567848001,1.156810767,0.212537313,0.229299277,0.592880763,38.67544558,T27_maize_D_11_13_2017
872,T27,maize,E,11,13,2017,11/13/2017,4.1182015,2.722462035,0.219512195,0.236824239,0.592880763,39.94466581,T27_maize_E_11_13_2017
876,T18,maize,A,11,13,2017,11/13/2017,3.835733697,4.688362675,0.179397337,0.209691444,0.558918498,37.51735621,T18_maize_A_11_13_2017
877,T18,maize,B,11,13,2017,11/13/2017,2.83185224,0.971905651,0.190530519,0.222704642,0.558918498,39.84563802,T18_maize_B_11_13_2017
878,T18,maize,C,11,13,2017,11/13/2017,3.637656612,2.205403621,0.176652254,0.20648281,0.558918498,36.94327723,T18_maize_C_11_13_2017
879,T18,maize,D,11,13,2017,11/13/2017,3.015031955,0.640012848,0.181754875,0.212447089,0.558918498,38.01038793,T18_maize_D_11_13_2017
880,T18,maize,E,11,13,2017,11/13/2017,1.645376941,0.799564961,0.183707865,0.214729874,0.558918498,38.41881674,T18_maize_E_11_13_2017
884,T15,maize,A,11,13,2017,11/13/2017,8.075272203,4.354219286,0.200347423,0.261360443,0.507722233,51.47705291,T15_maize_A_11_13_2017
885,T15,maize,B,11,13,2017,11/13/2017,2.836890611,6.434076712,0.216655823,0.282635339,0.507722233,55.66731572,T15_maize_B_11_13_2017
886,T15,maize,C,11,13,2017,11/13/2017,2.163629018,5.527864358,0.24025974,0.3134275,0.507722233,61.73208099,T15_maize_C_11_13_2017
887,T15,maize,D,11,13,2017,11/13/2017,1.670297126,3.641381913,0.22011757,0.287151313,0.507722233,56.55677334,T15_maize_D_11_13_2017
888,T15,maize,E,11,13,2017,11/13/2017,3.527011267,11.21358192,0.224489796,0.292855039,0.507722233,57.68016834,T15_maize_E_11_13_2017
892,area1,forest,A,1,29,2018,1/29/2018,0.692143882,3.132706279,0.199079755,0.175135454,0.668028269,26.21677289,area1_forest_A_1_29_2018
893,area1,forest,B,1,29,2018,1/29/2018,0.753395714,2.413463822,0.175780043,0.154638114,0.668028269,23.14843858,area1_forest_B_1_29_2018
894,area1,forest,C,1,29,2018,1/29/2018,2.175859796,4.976523737,0.230213829,0.202524881,0.668028269,30.31681296,area1_forest_C_1_29_2018
895,area1,forest,D,1,29,2018,1/29/2018,1.651456598,5.496078759,0.190757329,0.167814008,0.668028269,25.12079433,area1_forest_D_1_29_2018
900,mutum,soy,C,1,30,2018,1/30/2018,1.221853848,6.115623338,0.301724138,0.234598294,0.706594048,33.20128358,mutum_soy_C_1_30_2018
901,mutum,soy,D,1,30,2018,1/30/2018,1.426856013,2.029879475,0.28283394,0.219910678,0.706594048,31.12263379,mutum_soy_D_1_30_2018
902,mutum,soy,E,1,30,2018,1/30/2018,0.242853849,2.589060432,0.295392954,0.229675635,0.706594048,32.50460933,mutum_soy_E_1_30_2018
903,T15,maize,A,1,30,2018,1/30/2018,0.54772766,4.060054909,0.203060624,0.264899911,0.507722233,52.17417977,T15_maize_A_1_30_2018
904,T15,maize,B,1,30,2018,1/30/2018,2.111367215,3.498651503,0.20414673,0.266316776,0.507722233,52.45324283,T15_maize_B_1_30_2018
905,T15,maize,C,1,30,2018,1/30/2018,2.749566051,3.049890808,0.17692466,0.230804603,0.507722233,45.45883322,T15_maize_C_1_30_2018
906,T15,maize,D,1,30,2018,1/30/2018,1.293603556,5.126865862,0.207709054,0.270963955,0.507722233,53.36854235,T15_maize_D_1_30_2018
907,T15,maize,E,1,30,2018,1/30/2018,3.562366886,4.276749167,0.207599119,0.270820541,0.507722233,53.34029584,T15_maize_E_1_30_2018
908,T18,maize,A,1,30,2018,1/30/2018,0.389334905,1.717643533,0.156361923,0.182766132,0.558918498,32.69996115,T18_maize_A_1_30_2018
909,T18,maize,B,1,30,2018,1/30/2018,2.677958129,3.169258224,0.166016619,0.194051177,0.558918498,34.71904723,T18_maize_B_1_30_2018
910,T18,maize,C,1,30,2018,1/30/2018,0.596768492,2.724680884,0.142984808,0.167130077,0.558918498,29.90240579,T18_maize_C_1_30_2018
911,T27,maize,A,1,31,2018,1/31/2018,0.228916998,2.857574059,0.263765403,0.28456752,0.592880763,47.99742847,T27_maize_A_1_31_2018
912,T27,maize,B,1,31,2018,1/31/2018,1.188340861,4.199129545,0.228562937,0.246588776,0.592880763,41.59163053,T27_maize_B_1_31_2018
913,T27,maize,C,1,31,2018,1/31/2018,0.563119434,3.544908051,0.291801292,0.314814487,0.592880763,53.09912327,T27_maize_C_1_31_2018
914,T27,maize,D,1,31,2018,1/31/2018,0.59794141,2.829180256,0.246764971,0.266226332,0.592880763,44.90385744,T27_maize_D_1_31_2018
915,T27,maize,E,1,31,2018,1/31/2018,1.716216895,2.245654624,0.26002291,0.280529871,0.592880763,47.31640635,T27_maize_E_1_31_2018
916,area2,soy,A,1,31,2018,1/31/2018,0.169403564,6.474956079,0.212012228,0.194963822,0.6529858,29.85728357,area2_soy_A_1_31_2018
917,area2,soy,B,1,31,2018,1/31/2018,0.068009181,8.537048505,0.18596822,0.171014074,0.6529858,26.18955484,area2_soy_B_1_31_2018
918,area2,soy,C,1,31,2018,1/31/2018,0.100617328,5.656348614,0.230494937,0.211960292,0.6529858,32.46016867,area2_soy_C_1_31_2018
919,area2,soy,D,1,31,2018,1/31/2018,0.474638657,5.845578664,0.2187017,0.201115378,0.6529858,30.79934936,area2_soy_D_1_31_2018
920,area2,soy,E,1,31,2018,1/31/2018,0,21.92118906,0.242019302,0.222557956,0.6529858,34.08312342,area2_soy_E_1_31_2018
921,torre de soja,soy,A,1,31,2018,1/31/2018,0.499263942,3.152165547,0.119695158,0.150914617,0.524217078,28.78857317,torre de soja_soy_A_1_31_2018
922,torre de soja,soy,B,1,31,2018,1/31/2018,2.416077881,6.885175908,0.134109817,0.169088975,0.524217078,32.25552587,torre de soja_soy_B_1_31_2018
923,torre de soja,soy,C,1,31,2018,1/31/2018,0.30503154,3.14978639,0.147510897,0.185985389,0.524217078,35.47869695,torre de soja_soy_C_1_31_2018
924,torre de soja,soy,D,1,31,2018,1/31/2018,2.364923318,6.650196646,0.144477404,0.182160685,0.524217078,34.74909395,torre de soja_soy_D_1_31_2018
925,torre de soja,soy,E,1,31,2018,1/31/2018,0.962345134,3.166774996,0.134681093,0.169809255,0.524217078,32.39292686,torre de soja_soy_E_1_31_2018
929,area2,forest,A,2,7,2018,2/7/2018,1.11965167,2.044240279,0.076109937,0.069989756,0.6529858,10.71841931,area2_forest_A_2_7_2018
930,area2,forest,B,2,7,2018,2/7/2018,3.140360118,2.151910822,1.698182561,1.561627675,0.6529858,,area2_forest_B_2_7_2018
931,area2,forest,C,2,7,2018,2/7/2018,2.316894571,2.998264761,0.491364903,0.451853086,0.6529858,69.19799564,area2_forest_C_2_7_2018
932,area2,forest,D,2,7,2018,2/7/2018,0.628190434,2.300871747,0.414634146,0.381292432,0.6529858,58.39214747,area2_forest_D_2_7_2018
933,area2,forest,E,2,7,2018,2/7/2018,0.833570567,2.416794117,0.567719298,0.522067643,0.6529858,79.95084167,area2_forest_E_2_7_2018
934,app2,forest,A,2,7,2018,2/7/2018,3.105256959,11.61697285,0.818592185,0.687504914,0.683070738,,app2_forest_A_2_7_2018
935,app2,forest,B,2,7,2018,2/7/2018,0.798346524,1.390479774,-0.384175217,-0.322654375,0.683070738,,app2_forest_B_2_7_2018
936,app2,forest,C,2,7,2018,2/7/2018,2.691183676,6.526710276,0.079002809,0.0663515,0.683070738,9.713708453,app2_forest_C_2_7_2018
937,app2,forest,D,2,7,2018,2/7/2018,6.471647045,3.30904523,0.335481495,0.281758342,0.683070738,41.24877933,app2_forest_D_2_7_2018
938,app2,forest,E,2,7,2018,2/7/2018,5.416510546,16.00886642,0.225962674,0.189777586,0.683070738,27.78300628,app2_forest_E_2_7_2018
963,T18,maize,D,1,30,2018,1/30/2018,2.726124522,2.479574538,0.150759056,0.176217132,0.558918498,31.52823393,T18_maize_D_1_30_2018
964,T18,maize,E,1,30,2018,1/30/2018,6.16261247,2.743695338,0.147450679,0.172350082,0.558918498,30.83635319,T18_maize_E_1_30_2018
965,mutum,soy,A,1,30,2018,1/30/2018,0.75244002,2.45277951,0.307176392,0.238837561,0.706594048,33.80124162,mutum_soy_A_1_30_2018
966,mutum,soy,B,1,30,2018,1/30/2018,0.469828171,5.025042532,0.29845089,0.232053259,0.706594048,32.84110014,mutum_soy_B_1_30_2018
