"site","treatment","chamber","date","day","month","year","mean_flux","median_flux","lowb","upb","original_slope","adj.r2","mins_max"
"harvest","harvest","A","20/02/17",20,2,2017,0.0060953869270491,0.0060953869270491,NA,NA,1.25368421056015,0.483112336519306,4
"harvest","harvest","B","20/02/17",20,2,2017,-0.00359786482760937,-0.00359786482760937,NA,NA,-0.740000000014317,0.152818270580661,4
"harvest","harvest","C","20/02/17",20,2,2017,0.00697566110974448,0.00697566110974448,NA,NA,1.43473684216778,0.891414400648407,4
"harvest","harvest","D","20/02/17",20,2,2017,0.00622845162918158,0.00622845162918158,NA,NA,1.2810526316371,0.533298640615073,4
"harvest","harvest","E","20/02/17",20,2,2017,-0.00461120371216086,-0.00461120371216086,NA,NA,-0.948421052642039,0.182081510353362,4
"planted","planted","A","20/02/17",20,2,2017,-0.0139103792338631,-0.0139103792338631,NA,NA,-2.86105263162362,0.842311256321503,4
"planted","planted","B","20/02/17",20,2,2017,-0.0107270621316851,-0.0107270621316851,NA,NA,-2.20631578948869,0.715250068254459,4
"planted","planted","C","20/02/17",20,2,2017,-0.00736461946932089,-0.00736461946932089,NA,NA,-1.51473684213536,0.866903158890182,4
"planted","planted","D","20/02/17",20,2,2017,-0.000670441383120923,-0.000670441383120923,NA,NA,-0.137894736820543,-0.0428179707011718,4
"planted","planted","E","20/02/17",20,2,2017,-0.0121447129956146,-0.0121447129956146,NA,NA,-2.49789473689044,0.87520219343905,4
"torre de soja","soy","A","21/02/17",21,2,2017,0.0015046547073941,0.0015046547073941,NA,NA,0.309473684210925,0.645071798880943,4
"torre de soja","soy","B","21/02/17",21,2,2017,-0.00201132415000762,-0.00201132415000762,NA,NA,-0.41368421059426,-0.000981578073383949,4
"torre de soja","soy","C","21/02/17",21,2,2017,0.00313213837052957,0.00313213837052957,NA,NA,0.644210526323967,0.36677853110913,4
"torre de soja","soy","D","21/02/17",21,2,2017,0.00346991799870316,0.00346991799870316,NA,NA,0.713684210531103,0.629164816615082,4
"torre de soja","soy","E","21/02/17",21,2,2017,0.00633592696536698,0.00633592696536698,NA,NA,1.30315789478329,0.883240518805535,4
"app2","forest","A","22/2/2017",22,2,2017,0.247326338064328,0.247326338064328,NA,NA,50.8694736852451,0.941332424928933,4
"app2","forest","B","22/2/2017",22,2,2017,0.0315005092659732,0.0315005092659732,NA,NA,6.47894736855912,0.979237827526202,4
"app2","forest","C","22/2/2017",22,2,2017,-0.00112593209390174,-0.00112593209390174,NA,NA,-0.231578947355013,-0.0460208546070167,4
"app2","forest","D","22/2/2017",22,2,2017,0.00473403266790222,0.00473403266790222,NA,NA,0.973684210544155,0.573606405909696,4
"app2","forest","E","22/2/2017",22,2,2017,0.019360914143677,0.019360914143677,NA,NA,3.98210526328135,0.791688967908511,4
"area2","forest","A","22/2/2017",22,2,2017,0.0881758365789744,0.0881758365789744,NA,NA,18.1357894740752,0.974888919323598,4
"area2","forest","B","22/2/2017",22,2,2017,0.0332508218847579,0.0332508218847579,NA,NA,6.83894736855532,0.971739397753524,4
"area2","forest","C","22/2/2017",22,2,2017,0.0622333375586627,0.0622333375586627,NA,NA,12.8000000002505,0.979232642559269,4
"area2","forest","D","22/2/2017",22,2,2017,0.140869458577617,0.140869458577617,NA,NA,28.973684211121,0.98846939220051,4
"area2","forest","E","22/2/2017",22,2,2017,0.0848952798866643,0.0848952798866643,NA,NA,17.4610526318994,0.979297265033526,4
"area2","soy","A","23/02/17",23,2,2017,-0.0622179839391374,-0.0622179839391374,NA,NA,-12.7968421055009,0.901716579644656,4
"area2","soy","B","23/02/17",23,2,2017,-0.0259885598783961,-0.0259885598783961,NA,NA,-5.34526315797243,0.708542025065444,4
"area2","soy","C","23/02/17",23,2,2017,-0.085990504742191,-0.085990504742191,NA,NA,-17.6863157898942,0.961163456426699,4
"area2","soy","D","23/02/17",23,2,2017,-0.085990504742191,-0.085990504742191,NA,NA,-17.6863157898942,0.961163456426699,4
"area2","soy","E","23/02/17",23,2,2017,-0.0673614464595824,-0.0673614464595824,NA,NA,-13.8547368424002,0.980541784961521,4
"mutum","soy","A","23/02/17",23,2,2017,-0.0363778423823683,-0.0363778423823683,NA,NA,-7.48210526334872,0.863841278594003,4
"mutum","soy","B","23/02/17",23,2,2017,-0.0704731133376369,-0.0704731133376369,NA,NA,-14.4947368424377,0.847203491295819,4
"mutum","soy","C","23/02/17",23,2,2017,-0.0699255009098889,-0.0699255009098889,NA,NA,-14.3821052634435,0.907815889969199,4
"mutum","soy","D","23/02/17",23,2,2017,-0.0494437725456899,-0.0494437725456899,NA,NA,-10.1694736844324,0.970991283245593,4
"mutum","soy","E","23/02/17",23,2,2017,-0.0523251351318176,-0.0523251351318176,NA,NA,-10.7621052634216,0.834220860028754,4
"torre de soja","soy","A","24/05/17",24,5,2017,0.0401241255312361,0.0401241255312361,NA,NA,8.25263157910748,0.982906740017977,4
"torre de soja","soy","B","24/05/17",24,5,2017,0.0869475470219599,0.0869475470219599,NA,NA,17.8831578951361,0.98991089967785,4
"torre de soja","soy","C","24/05/17",24,5,2017,-0.0090739891022648,-0.0090739891022648,NA,NA,-1.86631578937542,-0.0291970346867905,4
"torre de soja","soy","D","24/05/17",24,5,2017,-0.0286856790307122,-0.0286856790307122,NA,NA,-5.90000000006737,0.24639263556217,4
"torre de soja","soy","E","24/05/17",24,5,2017,0.0145705848710228,0.0145705848710228,NA,NA,2.99684210535776,0.258738550097789,4
"mutum","soy","A","25/05/17",25,5,2017,0.0134702421426383,0.0134702421426383,NA,NA,2.77052631584508,0.82796165819914,4
"mutum","soy","B","25/05/17",25,5,2017,0.0188644804475467,0.0188644804475467,NA,NA,3.88000000009179,0.951242690244888,4
"mutum","soy","C","25/05/17",25,5,2017,0.00998497052440986,0.00998497052440986,NA,NA,2.05368421056437,0.925392830573026,4
"mutum","soy","D","25/05/17",25,5,2017,0.049029224821057,0.049029224821057,NA,NA,10.0842105267172,0.916093900016473,4
"mutum","soy","E","25/05/17",25,5,2017,0.0446022645416637,0.0446022645416637,NA,NA,9.17368421075468,0.942999310284571,4
"T27","maize","A","29/05/17",29,5,2017,0.00208809224683548,0.00208809224683548,NA,NA,0.429473684178085,-0.0134467800615763,4
"T27","maize","B","29/05/17",29,5,2017,0.0948495431721158,0.0948495431721158,NA,NA,19.5084210529835,0.985981288021404,4
"T27","maize","C","29/05/17",29,5,2017,-0.0199852946677615,-0.0199852946677615,NA,NA,-4.11052631575834,0.20126183292015,4
"T27","maize","D","29/05/17",29,5,2017,-0.0057269000597329,-0.0057269000597329,NA,NA,-1.17789473683486,0.0499406159207112,4
"T27","maize","E","29/05/17",29,5,2017,-0.00571154644054543,-0.00571154644054543,NA,NA,-1.17473684215473,0.00862642561382376,4
"T15","maize","A","30/05/17",30,5,2017,0.0029786021761062,0.0029786021761062,NA,NA,0.612631578998427,0.204119432524005,4
"T15","maize","B","30/05/17",30,5,2017,0.000245657911390603,0.000245657911390603,NA,NA,0.0505263157852856,-0.0572710140991923,4
"T15","maize","C","30/05/17",30,5,2017,0.00128458616185844,0.00128458616185844,NA,NA,0.26421052633744,-0.0263617829935752,4
"T15","maize","D","30/05/17",30,5,2017,0.00278412299605699,0.00278412299605699,NA,NA,0.572631578960952,0.0205189296822612,4
"T15","maize","E","30/05/17",30,5,2017,0.00433995643494603,0.00433995643494603,NA,NA,0.892631578951271,0.151946975966455,4
"area2","forest","A","22/06/17",22,6,2017,0.0697156681109899,0.0697156681109899,NA,NA,14.3389473687953,0.602946647276777,4
"area2","forest","B","22/06/17",22,6,2017,0.0122112453467269,0.0122112453467269,NA,NA,2.51157894743838,0.871568255212239,4
"area2","forest","C","22/06/17",22,6,2017,0.00960624791107105,0.00960624791107105,NA,NA,1.97578947374004,0.81574201717394,4
"area2","forest","D","22/06/17",22,6,2017,0.0116073363143498,0.0116073363143498,NA,NA,2.38736842109,0.919369350798819,4
"area2","forest","E","22/06/17",22,6,2017,0.0206915611637427,0.0206915611637427,NA,NA,4.25578947379182,0.941610550954106,4
"T18","maize","A","27/06/17",27,6,2017,-0.0095090083211232,-0.0095090083211232,NA,NA,-1.95578947373709,0.544774457065853,4
"T18","maize","B","27/06/17",27,6,2017,-0.000271247277245542,-0.000271247277245542,NA,NA,-0.0557894736970861,-0.0562901523863604,4
"T18","maize","C","27/06/17",27,6,2017,-0.00547612427533099,-0.00547612427533099,NA,NA,-1.12631578950006,0.466983045660564,4
"T18","maize","D","27/06/17",27,6,2017,-0.0148725393869811,-0.0148725393869811,NA,NA,-3.05894736848459,0.889001425412217,4
"T18","maize","E","27/06/17",27,6,2017,-0.00649458103313944,-0.00649458103313944,NA,NA,-1.33578947372782,0.703322400665118,4
"mutum","soy","A","24/07/17",24,7,2017,0.0020829743739777,0.0020829743739777,NA,NA,0.428421052660145,0.0761792113695912,4
"mutum","soy","C","24/07/17",24,7,2017,0.00812718256910197,0.00812718256910197,NA,NA,1.67157894735249,0.413313814650548,4
"mutum","soy","D","24/07/17",24,7,2017,-0.00717014028945593,-0.00717014028945593,NA,NA,-1.47473684213578,0.482722429729584,4
"mutum","soy","E","24/07/17",24,7,2017,-0.00357102210512869,-0.00357102210512869,NA,NA,-0.734479054790455,0.778710147162903,4
"app2","forest","A","25/07/17",25,7,2017,0.00256917232356335,0.00256917232356335,NA,NA,0.528421052643303,0.153073333923381,4
"app2","forest","B","25/07/17",25,7,2017,0.00501039781825119,0.00501039781825119,NA,NA,1.03052631580971,0.76382006946452,4
"app2","forest","C","25/07/17",25,7,2017,0.00285577322030343,0.00285577322030343,NA,NA,0.58736842108368,0.121037791428117,4
"app2","forest","D","25/07/17",25,7,2017,0.00582925752302983,0.00582925752302983,NA,NA,1.1989473684568,0.841924329342218,4
"app2","forest","E","25/07/17",25,7,2017,0.00945782958956687,0.00945782958956687,NA,NA,1.94526315794507,0.693778660380331,4
"T27","maize","A","26/07/17",26,7,2017,-0.0191715528366084,-0.0191715528366084,NA,NA,-3.94315789478708,0.533734937977622,4
"T27","maize","B","26/07/17",26,7,2017,-0.0102255105624207,-0.0102255105624207,NA,NA,-2.10315789472435,0.776957199936676,4
"T27","maize","C","26/07/17",26,7,2017,-0.0198727014589947,-0.0198727014589947,NA,NA,-4.08736842115105,0.878517872927374,4
"T27","maize","D","26/07/17",26,7,2017,0.0115305682171842,0.0115305682171842,NA,NA,2.3715789474367,0.396773156857666,4
"T27","maize","E","26/07/17",26,7,2017,-0.000271247277061305,-0.000271247277061305,NA,NA,-0.0557894736591926,-0.020421543320593,4
"mutum","soy","A","27/11/17",27,11,2017,-0.00619774439010039,-0.00619774439010039,NA,NA,-1.27473684213157,0.310787324112558,4
"mutum","soy","B","27/11/17",27,11,2017,-0.017441711710483,-0.017441711710483,NA,NA,-3.58736842111526,0.555023684721651,4
"mutum","soy","C","27/11/17",27,11,2017,-0.0118427584794721,-0.0118427584794721,NA,NA,-2.43578947372572,0.533634262387731,4
"mutum","soy","D","27/11/17",27,11,2017,-0.0173905329789574,-0.0173905329789574,NA,NA,-3.57684210532955,0.910239655555873,4
"mutum","soy","E","27/11/17",27,11,2017,-0.0144477559153122,-0.0144477559153122,NA,NA,-2.97157894746196,0.917240555774593,4
"area2","soy","A","27/11/17",27,11,2017,0.015809110174152,0.015809110174152,NA,NA,3.25157894741481,0.960313049036924,4
"area2","soy","B","27/11/17",27,11,2017,-0.00242075400199775,-0.00242075400199775,NA,NA,-0.497894736835702,0.0288334680630162,4
"area2","soy","C","27/11/17",27,11,2017,-0.00462143945861338,-0.00462143945861338,NA,NA,-0.950526315829496,0.12104835134726,4
"area2","soy","D","27/11/17",27,11,2017,-0.00644852017462512,-0.00644852017462512,NA,NA,-1.32631578949163,0.410409066227172,4
"area2","soy","E","27/11/17",27,11,2017,0.014642235095085,0.014642235095085,NA,NA,3.01157894744259,0.728975228066917,4
"area1","forest","A","27/11/17",27,11,2017,0.00437578154713065,0.00437578154713065,NA,NA,0.900000000025262,0.829636606721269,4
"area1","forest","B","27/11/17",27,11,2017,0.00820395066663608,0.00820395066663608,NA,NA,1.68736842108157,0.942038173550621,4
"area1","forest","C","27/11/17",27,11,2017,0.106170278590677,0.106170278590677,NA,NA,21.8368421058289,0.960867460565904,4
"area1","forest","D","27/11/17",27,11,2017,0.00948341895529898,0.00948341895529898,NA,NA,1.9505263158316,0.82354457357299,4
"area1","forest","E","27/11/17",27,11,2017,0.0139922652044086,0.0139922652044086,NA,NA,2.87789473690223,0.959098751897698,4
"torre de soja","soy","A","27/11/17",27,11,2017,-0.000204714926133246,-0.000204714926133246,NA,NA,-0.0421052631491415,-0.0568653288358081,4
"torre de soja","soy","B","27/11/17",27,11,2017,0.0118018154942762,0.0118018154942762,NA,NA,2.4273684211022,0.912179391586128,4
"torre de soja","soy","C","27/11/17",27,11,2017,0.00198061691080359,0.00198061691080359,NA,NA,0.407368421063466,-0.0331587722918056,4
"torre de soja","soy","D","27/11/17",27,11,2017,0.0407229166901413,0.0407229166901413,NA,NA,8.37578947381161,0.936305684385876,4
"torre de soja","soy","E","27/11/17",27,11,2017,0.0124415496385922,0.0124415496385922,NA,NA,2.55894736847406,0.911414355394397,4
"area2","forest","A","28/11/17",28,11,2017,0.0515625720315452,0.0515625720315452,NA,NA,10.6052631581034,0.983396910958476,4
"area2","forest","B","28/11/17",28,11,2017,0.0745367046221111,0.0745367046221111,NA,NA,15.3305263160981,0.991346908452866,4
"area2","forest","C","28/11/17",28,11,2017,0.0370943446237886,0.0370943446237886,NA,NA,7.62947368436124,0.985611966962484,4
"area2","forest","D","28/11/17",28,11,2017,0.074700476563202,0.074700476563202,NA,NA,15.3642105266553,0.992079064594624,4
"area2","forest","E","28/11/17",28,11,2017,0.120735745587891,0.120735745587891,NA,NA,24.832631579473,0.984622106886092,4
"app2","forest","A","28/11/17",28,11,2017,-0.00575760729878339,-0.00575760729878339,NA,NA,-1.18421052633407,0.794324368646932,4
"app2","forest","B","28/11/17",28,11,2017,0.0374577136175407,0.0374577136175407,NA,NA,7.70421052642333,0.926151905837783,4
"app2","forest","C","28/11/17",28,11,2017,0.000107475336185408,0.000107475336185408,NA,NA,0.0221052631461938,-0.0577387297278213,4
"app2","forest","D","28/11/17",28,11,2017,0.00815788980824459,0.00815788980824459,NA,NA,1.67789473687065,0.733008532760713,4
"app2","forest","E","28/11/17",28,11,2017,0.0126769718036839,0.0126769718036839,NA,NA,2.60736842110347,0.893253790908781,4
"T27","maize","A","29/11/17",29,11,2017,-0.00085468481684044,-0.00085468481684044,NA,NA,-0.175789473695822,0.0154197687589562,4
"T27","maize","B","29/11/17",29,11,2017,0.0132245842312477,0.0132245842312477,NA,NA,2.72000000005979,0.917102657260249,4
"T27","maize","C","29/11/17",29,11,2017,0.0189514842911034,0.0189514842911034,NA,NA,3.89789473691991,0.911456827708757,4
"T27","maize","D","29/11/17",29,11,2017,0.00387934785121531,0.00387934785121531,NA,NA,0.797894736879911,0.370555851735702,4
"T27","maize","E","29/11/17",29,11,2017,0.0152256726346799,0.0152256726346799,NA,NA,3.13157894744133,0.826819066492498,4
"T18","maize","A","29/11/17",29,11,2017,0.00221603907595663,0.00221603907595663,NA,NA,0.455789473705507,0.0625005662185597,4
"T18","maize","B","29/11/17",29,11,2017,0.0111979064621754,0.0111979064621754,NA,NA,2.30315789481066,0.643261063738203,4
"T18","maize","C","29/11/17",29,11,2017,0.00906887122962198,0.00906887122962198,NA,NA,1.8652631579017,0.79060287937846,4
"T18","maize","D","29/11/17",29,11,2017,-0.0155020377852132,-0.0155020377852132,NA,NA,-3.18842105274478,0.64444659923832,4
"T18","maize","E","29/11/17",29,11,2017,0.0105888795566334,0.0105888795566334,NA,NA,2.17789473688117,0.495509492125253,4
"T15","maize","A","29/11/17",29,11,2017,0.0108652447068903,0.0108652447068903,NA,NA,2.23473684212778,0.766820278449313,4
"T15","maize","B","29/11/17",29,11,2017,0.0186188225360947,0.0186188225360947,NA,NA,3.82947368429387,0.897102930103037,4
"T15","maize","C","29/11/17",29,11,2017,0.0115305682171842,0.0115305682171842,NA,NA,2.3715789474367,0.865628511550812,4
"T15","maize","D","29/11/17",29,11,2017,0.0304052844109684,0.0304052844109684,NA,NA,6.25368421067174,0.593739297049108,4
"T15","maize","E","29/11/17",29,11,2017,0.0203588994087032,0.0203588994087032,NA,NA,4.18736842115947,0.758925589903981,4
"area1","forest","A","29/01/18",29,1,2018,0.0117301652701833,0.0117301652701833,NA,NA,2.41263157901106,0.720167940131961,4
"area1","forest","B","29/01/18",29,1,2018,0.0248268026726475,0.0248268026726475,NA,NA,5.1063157896129,0.912609769688734,4
"area1","forest","C","29/01/18",29,1,2018,0.0277593439902087,0.0277593439902087,NA,NA,5.70947368436882,0.986485353675335,4
"area1","forest","D","29/01/18",29,1,2018,0.0203742530280135,0.0203742530280135,NA,NA,4.19052631586487,0.894976155545185,4
"area1","forest","E","29/01/18",29,1,2018,-0.00223139269495985,-0.00223139269495985,NA,NA,-0.458947368347746,0.0421041826318221,4
"T15","maize","A","30/01/18",30,1,2018,-0.00927870402913502,-0.00927870402913502,NA,NA,-1.90842105267614,0.275416405673196,4
"T15","maize","B","30/01/18",30,1,2018,0.0046828539364687,0.0046828539364687,NA,NA,0.963157894777396,0.296214650627441,4
"T15","maize","C","30/01/18",30,1,2018,0.0135623638595134,0.0135623638595134,NA,NA,2.78947368428587,0.805594808453474,4
"T15","maize","D","30/01/18",30,1,2018,-0.0114845073588848,-0.0114845073588848,NA,NA,-2.36210526324472,0.889426427934052,4
"T15","maize","E","30/01/18",30,1,2018,0.0152922049855466,0.0152922049855466,NA,NA,3.14526315793875,0.941427126716607,4
"T18","maize","A","30/01/18",30,1,2018,0.00171960538013342,0.00171960538013342,NA,NA,0.353684210579105,-0.0225467881482315,4
"T18","maize","B","30/01/18",30,1,2018,0.00382305124637129,0.00382305124637129,NA,NA,0.786315789481529,0.768812850386579,4
"T18","maize","C","30/01/18",30,1,2018,0.00184755220864043,0.00184755220864043,NA,NA,0.379999999980212,0.16032859109565,4
"T18","maize","D","30/01/18",30,1,2018,0.0227796534108545,0.0227796534108545,NA,NA,4.68526315802675,0.82888851018977,4
"T18","maize","E","30/01/18",30,1,2018,0.0170629890972978,0.0170629890972978,NA,NA,3.50947368432251,0.778941727685367,4
"mutum","soy","A","30/01/18",30,1,2018,0.0126309109452617,0.0126309109452617,NA,NA,2.59789473688623,0.431439319442061,4
"mutum","soy","B","30/01/18",30,1,2018,0.0051946412514794,0.0051946412514794,NA,NA,1.06842105258393,0.390708927974769,4
"mutum","soy","C","30/01/18",30,1,2018,0.00262546892806959,0.00262546892806959,NA,NA,0.539999999972212,-0.0296059792053749,4
"mutum","soy","D","30/01/18",30,1,2018,0.0083830762269451,0.0083830762269451,NA,NA,1.72421052632523,0.505069418836842,4
"mutum","soy","E","30/01/18",30,1,2018,0.0100770922409165,0.0100770922409165,NA,NA,2.07263157892937,0.376365634389095,4
"T27","maize","A","31/01/18",31,1,2018,0.0154508590532269,0.0154508590532269,NA,NA,3.17789473686433,0.747384189237285,4
"T27","maize","B","31/01/18",31,1,2018,0.0187928302237608,0.0187928302237608,NA,NA,3.8652631580638,0.304835286762214,4
"T27","maize","C","31/01/18",31,1,2018,0.000327543881966726,0.000327543881966726,NA,NA,0.0673684210702043,-0.0570835050267995,4
"T27","maize","D","31/01/18",31,1,2018,0.0157579314426571,0.0157579314426571,NA,NA,3.24105263163541,0.602147473658128,4
"T27","maize","E","31/01/18",31,1,2018,0.00893068865496952,0.00893068865496952,NA,NA,1.83684210537629,0.263983415624244,4
"area2","soy","A","31/01/18",31,1,2018,0.00335220691661797,0.00335220691661797,NA,NA,0.689473684311137,-0.00475865028314426,4
"area2","soy","B","31/01/18",31,1,2018,0.0147036495732782,0.0147036495732782,NA,NA,3.02421052645997,0.351618920058929,4
"area2","soy","C","31/01/18",31,1,2018,0.0109676021696652,0.0109676021696652,NA,NA,2.25578947364235,0.203472628350128,4
"area2","soy","D","31/01/18",31,1,2018,-0.0132604093434937,-0.0132604093434937,NA,NA,-2.72736842114641,0.406111636571547,4
"area2","soy","E","31/01/18",31,1,2018,-0.00275853363050911,-0.00275853363050911,NA,NA,-0.567368421112309,-0.0388314797738973,4
"torre de soja","soy","A","31/01/18",31,1,2018,-0.000931452913913941,-0.000931452913913941,NA,NA,-0.191578947330171,-0.0459835255410879,4
"torre de soja","soy","B","31/01/18",31,1,2018,0.0057473715523923,0.0057473715523923,NA,NA,1.18210526315925,0.537191940491092,4
"torre de soja","soy","C","31/01/18",31,1,2018,0.0216793106825313,0.0216793106825313,NA,NA,4.45894736852669,0.95536326860889,4
"torre de soja","soy","D","31/01/18",31,1,2018,0.0135981889714524,0.0135981889714524,NA,NA,2.79684210530934,0.875446016774796,4
"torre de soja","soy","E","31/01/18",31,1,2018,2.55893658856471e-05,2.55893658856471e-05,NA,NA,0.00526315791811652,-0.058776650602447,4
"area2","forest","A","7/2/2018",7,2,2018,0.00177590198457823,0.00177590198457823,NA,NA,0.36526315789538,0.0876986541353573,4
"area2","forest","B","7/2/2018",7,2,2018,0.0089204529081178,0.0089204529081178,NA,NA,1.83473684210673,0.778716766307676,4
"area2","forest","C","7/2/2018",7,2,2018,0.00118734657181848,0.00118734657181848,NA,NA,0.244210526315546,0.0370613175573206,4
"area2","forest","D","7/2/2018",7,2,2018,0.000926335040749098,0.000926335040749098,NA,NA,0.190526315749075,-0.0322560327963457,4
"area2","forest","E","7/2/2018",7,2,2018,0.000266129404234232,0.000266129404234232,NA,NA,0.0547368421475682,-0.0581298077118217,4
"app2","forest","A","7/2/2018",7,2,2018,0.0461580979807677,0.0461580979807677,NA,NA,9.49368421078921,0.9709334525605,4
"app2","forest","B","7/2/2018",7,2,2018,0.0186955906338437,0.0186955906338437,NA,NA,3.84526315806717,0.60874906516362,4
"app2","forest","C","7/2/2018",7,2,2018,-0.00303489878058173,-0.00303489878058173,NA,NA,-0.62421052632102,0.0331312840738691,4
"app2","forest","D","7/2/2018",7,2,2018,0.00231839653910002,0.00231839653910002,NA,NA,0.476842105295867,0.0376707895005959,4
"app2","forest","E","7/2/2018",7,2,2018,0.0173649436131946,0.0173649436131946,NA,NA,3.5715789474367,0.777697588189427,4
"area1","forest","A","15/02/17",15,2,2017,0.0294431242579118,0.0294431242579118,NA,NA,6.0557894738234,0.919527603872332,4
"area1","forest","B","15/02/17",15,2,2017,-0.00164795515597909,-0.00164795515597909,NA,NA,-0.338947368475323,-0.0501666927788584,4
"area1","forest","C","15/02/17",15,2,2017,0.00197549903711674,0.00197549903711674,NA,NA,0.406315789375005,-0.0453819145053034,4
"area1","forest","D","15/02/17",15,2,2017,0.0273499141379115,0.0273499141379115,NA,NA,5.62526315806422,0.421658730610322,4
"area1","forest","E","15/02/17",15,2,2017,-0.00699101472951538,-0.00699101472951538,NA,NA,-1.43789473696791,0.0192417449149881,4
"T15","maize","A","24/08/17",24,8,2017,0.00316796348262208,0.00316796348262208,NA,NA,0.651578947379014,0.343161863821384,4
"T15","maize","B","24/08/17",24,8,2017,0.00151489045403088,0.00151489045403088,NA,NA,0.311578947436279,-0.0223630020592906,4
"T15","maize","C","24/08/17",24,8,2017,-0.00375140102212485,-0.00375140102212485,NA,NA,-0.771578947358802,0.0237547875702241,4
"T15","maize","D","24/08/17",24,8,2017,0.0433074426334449,0.0433074426334449,NA,NA,8.90736842124874,0.992678129971264,4
"T15","maize","E","24/08/17",24,8,2017,-0.0202309525796128,-0.0202309525796128,NA,NA,-4.16105263163836,0.4001927530005,4
"T18","maize","A","25/08/17",25,8,2017,0.0130403407977431,0.0130403407977431,NA,NA,2.68210526322872,0.959174441000489,4
"T18","maize","B","25/08/17",25,8,2017,0.0145552312516204,0.0145552312516204,NA,NA,2.99368421063342,0.734249084271524,4
"T18","maize","C","25/08/17",25,8,2017,0.0104814042204787,0.0104814042204787,NA,NA,2.1557894737413,0.694090964748059,4
"T18","maize","D","25/08/17",25,8,2017,0.00393052658267953,0.00393052658267953,NA,NA,0.808421052652987,0.17518051287079,4
"T18","maize","E","25/08/17",25,8,2017,-0.00535329531968175,-0.00535329531968175,NA,NA,-1.10105263161689,0.712595211570184,4
"T27","maize","A","25/08/17",25,8,2017,0.00488245098934499,0.00488245098934499,NA,NA,1.00421052632649,0.0971637183166937,4
"T27","maize","B","25/08/17",25,8,2017,-0.00666858872034503,-0.00666858872034503,NA,NA,-1.37157894740301,0.406670540947302,4
"T27","maize","C","25/08/17",25,8,2017,0.00625404099488298,0.00625404099488298,NA,NA,1.28631578951732,0.555069121133295,4
"T27","maize","D","25/08/17",25,8,2017,-0.00921728955121827,-0.00921728955121827,NA,NA,-1.89578947371561,0.533661182195116,4
"T27","maize","E","25/08/17",25,8,2017,-0.000552730300882192,-0.000552730300882192,NA,NA,-0.113684210568998,-0.0195771539006797,4
"torre de soja","soy","A","23/08/17",23,8,2017,0.00699101472890125,0.00699101472890125,NA,NA,1.4378947368416,0.484768574601505,4
"torre de soja","soy","B","23/08/17",23,8,2017,-7.16502240314848e-05,-7.16502240314848e-05,NA,NA,-0.0147368420785155,-0.0585435534107359,4
"torre de soja","soy","C","23/08/17",23,8,2017,0.00100310313828321,0.00100310313828321,NA,NA,0.206315789478161,0.243553549877075,4
"torre de soja","soy","D","23/08/17",23,8,2017,-0.0069910147291162,-0.0069910147291162,NA,NA,-1.43789473688581,0.479340382771097,4
"torre de soja","soy","E","23/08/17",23,8,2017,-0.00687842151988877,-0.00687842151988877,NA,NA,-1.41473684218378,0.409026848509021,4
"area1","forest","A","23/08/17",23,8,2017,0.00821930428622275,0.00821930428622275,NA,NA,1.69052631584381,0.823507518019209,4
"area1","forest","B","23/08/17",23,8,2017,0.0174980083152656,0.0174980083152656,NA,NA,3.59894736850101,0.969410515651665,4
"area1","forest","C","23/08/17",23,8,2017,0.00952947981362905,0.00952947981362905,NA,NA,1.9600000000299,0.760490968031256,4
"area1","forest","D","23/08/17",23,8,2017,-0.010947130677405,-0.010947130677405,NA,NA,-2.25157894740007,0.492900562771663,4
"area1","forest","E","23/08/17",23,8,2017,0.00530723446122884,0.00530723446122884,NA,NA,1.09157894739333,0.56140394387212,4
"app2","forest","A","24/08/17",24,8,2017,-0.00196014541817492,-0.00196014541817492,NA,NA,-0.403157894745396,0.115577158573519,4
"app2","forest","B","24/08/17",24,8,2017,0.00159677642429992,0.00159677642429992,NA,NA,0.328421052658039,0.0968197880043915,4
"app2","forest","C","24/08/17",24,8,2017,-9.21217168444055e-05,-9.21217168444055e-05,NA,NA,-0.018947368434482,-0.057577311655294,4
"app2","forest","D","24/08/17",24,8,2017,-0.00227745355371983,-0.00227745355371983,NA,NA,-0.468421052634459,0.195252290235266,4
"app2","forest","E","24/08/17",24,8,2017,0.00128970403496187,0.00128970403496187,NA,NA,0.265263157905906,0.0962420335571847,4
"mutum","soy","A","24/08/17",24,8,2017,0.00577807879147349,0.00577807879147349,NA,NA,1.18842105266478,0.326480513243846,4
"mutum","soy","B","24/08/17",24,8,2017,0.00505134080350855,0.00505134080350855,NA,NA,1.03894736844585,0.631309655941733,4
"mutum","soy","C","24/08/17",24,8,2017,0.0118734657183691,0.0118734657183691,NA,NA,2.44210526319335,0.908264617229552,4
"mutum","soy","D","24/08/17",24,8,2017,0.00416594874770973,0.00416594874770973,NA,NA,0.856842105269761,0.685803012518006,4
"mutum","soy","E","24/08/17",24,8,2017,0.000910981421438799,0.000910981421438799,NA,NA,0.187368421043678,0.0322250639260839,4
"area2","soy","A","24/08/17",24,8,2017,-0.00146882959563937,-0.00146882959563937,NA,NA,-0.302105263225351,-0.0394337982159796,4
"area2","soy","B","24/08/17",24,8,2017,-0.00854173029502462,-0.00854173029502462,NA,NA,-1.75684210533292,0.774882227268191,4
"area2","soy","C","24/08/17",24,8,2017,0.00548636002162997,0.00548636002162997,NA,NA,1.12842105265593,0.297273356401762,4
"area2","soy","D","24/08/17",24,8,2017,0.000854684816840447,0.000854684816840447,NA,NA,0.175789473695824,-0.0376654182568827,4
"area2","soy","E","24/08/17",24,8,2017,0.000624380524729429,0.000624380524729429,NA,NA,0.128421052609618,-0.0537020767067669,4
"area2","forest","A","24/08/17",24,8,2017,0.00615680140490444,0.00615680140490444,NA,NA,1.26631578950806,0.718571525782813,4
"area2","forest","B","24/08/17",24,8,2017,0.0184704042146826,0.0184704042146826,NA,NA,3.79894736851785,0.966971156997927,4
"area2","forest","C","24/08/17",24,8,2017,0.0105377008252306,0.0105377008252306,NA,NA,2.16736842112073,0.751908704981241,4
"area2","forest","D","24/08/17",24,8,2017,0.042544879533326,0.042544879533326,NA,NA,8.75052631596213,0.992377382906444,4
"area2","forest","E","24/08/17",24,8,2017,0.00341362139388985,0.00341362139388985,NA,NA,0.702105263139037,0.0590856446092437,4
"T15","maize","A","15/02/17",15,2,2017,0.00787640678227647,0.00787640678227647,NA,NA,1.61999999951921,0.0494820397146336,4
"T15","maize","A","2/3/2017",2,3,2017,-0.00994402753930604,-0.00994402753930604,NA,NA,-2.0452631579598,0.49605034249229,4
"T15","maize","A","16/02/17",16,2,2017,0.0386962389213762,0.0386962389213762,NA,NA,7.95894736862564,0.982803764357973,4
"T15","maize","A","8/3/2017",8,3,2017,0.0241973042744155,0.0241973042744155,NA,NA,4.97684210535271,0.938254786083263,4
"T15","maize","A","17/02/17",17,2,2017,0.585617753577036,0.585617753577036,NA,NA,120.448421055145,0.99407775049762,4
"T15","maize","A","16/03/17",16,3,2017,0.019007780895886,0.019007780895886,NA,NA,3.90947368430566,0.966197438481525,4
"T15","maize","A","19/02/17",19,2,2017,1.08739450913673,1.08739450913673,NA,NA,223.652631583554,0.986493160982984,4
"T15","maize","B","15/02/17",15,2,2017,0.0252618218907076,0.0252618218907076,NA,NA,5.19578947381035,0.745053878122091,4
"T15","maize","B","2/3/2017",2,3,2017,-0.011448682246608,-0.011448682246608,NA,NA,-2.35473684215178,0.747186389134213,4
"T15","maize","B","16/02/17",16,2,2017,0.0833803894332168,0.0833803894332168,NA,NA,17.1494736845831,0.922003178652846,4
"T15","maize","B","8/3/2017",8,3,2017,0.0174365938373796,0.0174365938373796,NA,NA,3.58631578954679,0.896239039443969,4
"T15","maize","B","17/02/17",17,2,2017,0.367253459693923,0.367253459693923,NA,NA,75.5357894752647,0.995390879822346,4
"T15","maize","B","16/03/17",16,3,2017,0.00175543049191885,0.00175543049191885,NA,NA,0.361052631570993,0.0555716892421831,4
"T15","maize","B","19/02/17",19,2,2017,0.509735048315335,0.509735048315335,NA,NA,104.841052633787,0.995623697307656,4
"T15","maize","C  ","2/3/2017",2,3,2017,0.00168378026782594,0.00168378026782594,NA,NA,0.346315789479844,0.0523471896026211,4
"T15","maize","C","15/02/17",15,2,2017,0.0307174746734406,0.0307174746734406,NA,NA,6.31789473699865,0.904883048762406,4
"T15","maize","C","16/02/17",16,2,2017,0.0896804912869519,0.0896804912869519,NA,NA,18.4452631584061,0.989363099422653,4
"T15","maize","C","8/3/2017",8,3,2017,0.0270121345094616,0.0270121345094616,NA,NA,5.55578947380024,0.962938055135415,4
"T15","maize","C","17/02/17",17,2,2017,0.735218303756163,0.735218303756163,NA,NA,151.217894739973,0.987564390407744,4
"T15","maize","C","16/03/17",16,3,2017,0.0184396969756935,0.0184396969756935,NA,NA,3.79263157903127,0.947750621796098,4
"T15","maize","C","19/02/17",19,2,2017,1.10306031886272,1.10306031886272,NA,NA,226.874736846793,0.994296559662082,4
"T15","maize","D","15/02/17",15,2,2017,0.0188286553353313,0.0188286553353313,NA,NA,3.87263157901148,0.195660005009025,4
"T15","maize","D","2/3/2017",2,3,2017,-0.0186341761558348,-0.0186341761558348,NA,NA,-3.83263157908769,0.467970375524171,4
"T15","maize","D","16/02/17",16,2,2017,0.0636970492811372,0.0636970492811372,NA,NA,13.1010526318948,0.902676412061032,4
"T15","maize","D","8/3/2017",8,3,2017,0.0214285348978223,0.0214285348978223,NA,NA,4.40736842112873,0.934067788123187,4
"T15","maize","D","16/03/17",16,3,2017,0.00791734977011095,0.00791734977011095,NA,NA,1.62842105268541,0.866002380477734,4
"T15","maize","D","19/02/17",19,2,2017,0.497124608862671,0.497124608862671,NA,NA,102.247368423213,0.995402004904782,4
"T15","maize","E","15/02/17",15,2,2017,0.0211521697474427,0.0211521697474427,NA,NA,4.35052631585686,0.539303307153631,4
"T15","maize","E","2/3/2017",2,3,2017,-0.0155173914045849,-0.0155173914045849,NA,NA,-3.1915789474628,0.931300459266046,4
"T15","maize","E","16/02/17",16,2,2017,0.0895371908381827,0.0895371908381827,NA,NA,18.4157894741038,0.967413185620657,4
"T15","maize","E","8/3/2017",8,3,2017,0.0175082440617182,0.0175082440617182,NA,NA,3.60105263168847,0.906931984272097,4
"T15","maize","E","16/03/17",16,3,2017,0.012318720682943,0.012318720682943,NA,NA,2.53368421059089,0.721016024432781,4
"T15","maize","E","19/02/17",19,2,2017,0.484017735713907,0.484017735713907,NA,NA,99.5515789494548,0.996818947409572,4
"T18","maize","A","8/2/2017",8,2,2017,0.0006755592564393,0.0006755592564393,NA,NA,0.138947368433217,-0.0555539014478541,4
"T18","maize","A","9/2/2017",9,2,2017,0.00483383119446319,0.00483383119446319,NA,NA,0.994210526343968,-0.00257464254783768,4
"T18","maize","A","22/02/17",22,2,2017,0.013715900053906,0.013715900053906,NA,NA,2.8210526316051,0.870681499820425,4
"T18","maize","A","2/3/2017",2,3,2017,-0.00821930428613062,-0.00821930428613062,NA,NA,-1.69052631582486,0.851331230966447,4
"T18","maize","B","9/2/2017",9,2,2017,0.0544081095053347,0.0544081095053347,NA,NA,11.190526315987,0.984090830926736,4
"T18","maize","B","22/02/17",22,2,2017,-0.000614144778553271,-0.000614144778553271,NA,NA,-0.126315789479003,-0.0444014155031651,4
"T18","maize","B","2/3/2017",2,3,2017,-0.00183219858929942,-0.00183219858929942,NA,NA,-0.376842105268499,-0.0313224332793283,4
"T18","maize","B","9/3/2017",9,3,2017,0.00837284048076894,0.00837284048076894,NA,NA,1.72210526319461,0.823363290778125,4
"T18","maize","C ","8/2/2017",8,3,2017,0.0140840106074012,0.0140840106074012,NA,NA,2.89676470602804,0.64527844175232,3.5
"T18","maize","C  ","8/2/2017",8,3,2017,-0.00291718769800524,-0.00291718769800524,NA,NA,-0.600000000000005,0.499999996999994,4
"T18","maize","C","9/2/2017",9,3,2017,0.0144400791057031,0.0144400791057031,NA,NA,2.97000000011874,0.570360464268329,4
"T18","maize","C","22/02/17",22,2,2017,0.000450372837738798,0.000450372837738798,NA,NA,0.0926315789786371,-0.0502700573196373,4
"T18","maize","C","2/3/2017",2,3,2017,-0.000910981421500213,-0.000910981421500213,NA,NA,-0.18736842105631,-0.0207952758741794,4
"T18","maize","D","9/2/2017",9,2,2017,0.0502984573623154,0.0502984573623154,NA,NA,10.345263158084,0.993744976552406,4
"T18","maize","D","2/3/2017",2,3,2017,-0.0117711082553485,-0.0117711082553485,NA,NA,-2.42105263162826,0.867306106560243,4
"T18","maize","D","9/3/2017",9,3,2017,0.00797876424790487,0.00797876424790487,NA,NA,1.64105263162068,0.603501452472264,4
"T18","maize","E","8/2/2017",8,2,2017,0.0267562408515263,0.0267562408515263,NA,NA,5.50315789480855,0.953445805284387,4
"T18","maize","E","9/2/2017",9,2,2017,0.0489780460886716,0.0489780460886716,NA,NA,10.0736842107547,0.9770314446293,4
"T18","maize","E","2/3/2017",2,3,2017,-0.00410453427022289,-0.00410453427022289,NA,NA,-0.844210526397652,0.340355609862116,4
"T18","maize","E","9/3/2017",9,3,2017,0.00584972901550497,0.00584972901550497,NA,NA,1.20315789474329,0.592649593655222,4
"T27","maize","A","9/2/2017",9,2,2017,0.0144938167738572,0.0144938167738572,NA,NA,2.98105263170447,0.925557810782851,4
"T27","maize","A","21/02/17",21,2,2017,0.022928071732113,0.022928071732113,NA,NA,4.71578947377119,0.962979593867843,4
"T27","maize","A","2/3/2017",2,3,2017,0.028424667500042,0.028424667500042,NA,NA,5.846315789583,0.889739123798873,4
"T27","maize","A","9/3/2017",9,3,2017,-0.000429901345079406,-0.000429901345079406,NA,NA,-0.088421052654248,-0.0570792916250578,4
"T27","maize","A","14/02/17",14,2,2017,0.0119246444496797,0.0119246444496797,NA,NA,2.45263157893485,0.195246232393609,4
"T27","maize","A","16/02/17",16,2,2017,0.0225851742306518,0.0225851742306518,NA,NA,4.6452631579577,0.831563371104918,4
"T27","maize","A","17/02/17",17,2,2017,0.0450782267447969,0.0450782267447969,NA,NA,9.27157894755039,0.989469675568873,4
"T27","maize","B","9/2/2017",9,2,2017,0.0205226713494563,0.0205226713494563,NA,NA,4.2210526316472,0.971709231767148,4
"T27","maize","B","21/02/17",21,2,2017,0.00116687507928193,0.00116687507928193,NA,NA,0.240000000016421,-0.0331809100974598,4
"T27","maize","B","2/3/2017",2,3,2017,-0.0219966188181377,-0.0219966188181377,NA,NA,-4.52421052642839,0.59474596210468,4
"T27","maize","B","9/3/2017",9,3,2017,-0.00518440550545677,-0.00518440550545677,NA,NA,-1.0663157894849,0.625200974082258,4
"T27","maize","B","14/02/17",14,2,2017,0.000281483023636646,0.000281483023636646,NA,NA,0.057894736871911,-0.0565804791578088,4
"T27","maize","B","16/02/17",16,2,2017,0.0154713305461013,0.0154713305461013,NA,NA,3.18210526323293,0.976227263070889,4
"T27","maize","B","17/02/17",17,2,2017,0.027897526565199,0.027897526565199,NA,NA,5.73789473696371,0.902796577788295,4
"T27","maize","C","9/2/2017",9,2,2017,0.0177487840997904,0.0177487840997904,NA,NA,3.65052631586108,0.971630568046539,4
"T27","maize","C","21/02/17",21,2,2017,0.00280459448865496,0.00280459448865496,NA,NA,0.576842105272709,0.28500845351781,4
"T27","maize","C","2/3/2017",2,3,2017,-0.00775869570224637,-0.00775869570224637,NA,NA,-1.59578947372193,0.781118872604118,4
"T27","maize","C","9/3/2017",9,3,2017,-0.000665323510078898,-0.000665323510078898,NA,NA,-0.136842105264707,-0.0117684183180675,4
"T27","maize","C","14/02/17",14,2,2017,0.0108703625803008,0.0108703625803008,NA,NA,2.2357894737594,0.129588397481375,4
"T27","maize","C","16/02/17",16,2,2017,0.0432357924093213,0.0432357924093213,NA,NA,8.89263157915127,0.95059116020681,4
"T27","maize","C","17/02/17",17,2,2017,0.0597869941908407,0.0597869941908407,NA,NA,12.2968421055093,0.989715720873004,4
"T27","maize","D","9/2/2017",9,2,2017,0.0131324625144647,0.0131324625144647,NA,NA,2.70105263163794,0.974466682745013,4
"T27","maize","D","21/02/17",21,2,2017,0.0297655502664988,0.0297655502664988,NA,NA,6.1221052632683,0.97286346055291,4
"T27","maize","D","2/3/2017",2,3,2017,-0.00270223702575723,-0.00270223702575723,NA,NA,-0.555789473732875,0.3907120743632,4
"T27","maize","D","9/3/2017",9,3,2017,-0.00907398910294036,-0.00907398910294036,NA,NA,-1.86631578951437,0.178532080905643,4
"T27","maize","D","14/02/17",14,2,2017,-0.00823977577826798,-0.00823977577826798,NA,NA,-1.69473684204188,0.06001214594174,4
"T27","maize","D","16/02/17",16,2,2017,0.0345302901734208,0.0345302901734208,NA,NA,7.10210526330536,0.94294171048649,4
"T27","maize","E","9/2/2017",9,2,2017,0.0130249871782179,0.0130249871782179,NA,NA,2.67894736847911,0.952836996301063,4
"T27","maize","E","21/02/17",21,2,2017,-0.00176566623830995,-0.00176566623830995,NA,NA,-0.363157894745817,0.0205792293107231,4
"T27","maize","E","2/3/2017",2,3,2017,-0.0103585752647681,-0.0103585752647681,NA,NA,-2.1305263158455,0.906273426117315,4
"T27","maize","E","9/3/2017",9,3,2017,-0.00305537027324112,-0.00305537027324112,NA,NA,-0.628421052645408,0.0342078221974957,4
"T27","maize","E","14/02/17",14,2,2017,0.0142430409889026,0.0142430409889026,NA,NA,2.92947368425598,0.882712248323618,4
"T27","maize","E","16/02/17",16,2,2017,0.0623715201333765,0.0623715201333765,NA,NA,12.8284210527886,0.856925459904946,4
"T18","maize","A","10/2/2017",10,2,2017,0.0160291787197798,0.0160291787197798,NA,NA,3.29684210530724,0.788894842169014,4
"T18","maize","B","10/2/2017",10,2,2017,0.0582055713861888,0.0582055713861888,NA,NA,11.9715789476262,0.988587999379089,4
"T18","maize","C","10/2/2017",10,2,2017,0.0318485246403536,0.0318485246403536,NA,NA,6.55052631590318,0.959348779865095,4
"T18","maize","D","10/2/2017",10,2,2017,0.0332508218846351,0.0332508218846351,NA,NA,6.83894736853006,0.967640975395229,4
"T18","maize","E","10/2/2017",10,2,2017,0.0368282152197693,0.0368282152197693,NA,NA,7.57473684225788,0.982527436747243,4
"T27","maize","A","10/2/2017",10,2,2017,0.0197242831374598,0.0197242831374598,NA,NA,4.05684210534976,0.978973134404054,4
"T27","maize","B","10/2/2017",10,2,2017,0.025021281852359,0.025021281852359,NA,NA,5.1463157895809,0.945403941734813,4
"T27","maize","C","10/2/2017",10,2,2017,0.0264747578282582,0.0264747578282582,NA,NA,5.44526315801243,0.977109118271487,4
"T27","maize","D","10/2/2017",10,2,2017,0.015686281218687,0.015686281218687,NA,NA,3.22631578956953,0.960535767524509,4
"T27","maize","E","10/2/2017",10,2,2017,0.0116482792996685,0.0116482792996685,NA,NA,2.39578947373877,0.883597816861945,4
"T18","maize","A","12/2/2017",12,2,2017,0.00561942472397739,0.00561942472397739,NA,NA,1.15578947377709,0.192560265424833,4
"T18","maize","B","12/2/2017",12,2,2017,0.00324984945310608,0.00324984945310608,NA,NA,0.668421052644986,0.00147011472814185,4
"T18","maize","C","12/2/2017",12,2,2017,0.00867991287010699,0.00867991287010699,NA,NA,1.78526315794675,0.399310032148566,4
"T18","maize","D","12/2/2017",12,2,2017,0.00974954835956391,0.00974954835956391,NA,NA,2.00526315798548,0.217074031128465,4
"T27","maize","A","12/2/2017",12,2,2017,0.0105121114593757,0.0105121114593757,NA,NA,2.16210526320893,0.280438806252732,4
"T27","maize","B","12/2/2017",12,2,2017,0.0110392523942187,0.0110392523942187,NA,NA,2.27052631582823,0.791297825591614,4
"T27","maize","C","12/2/2017",12,2,2017,0.00436042792766682,0.00436042792766682,NA,NA,0.896842105288289,0.278061956148099,4
"T18","maize","A","13/02/17",13,2,2017,0.0817170806581117,0.0817170806581117,NA,NA,16.8073684214403,0.993392595173849,4
"T18","maize","B","13/02/17",13,2,2017,0.101789379169983,0.101789379169983,NA,NA,20.9357894741405,0.986461608795959,4
"T18","maize","C","13/02/17",13,2,2017,0.141411953132077,0.141411953132077,NA,NA,29.0852631585089,0.995822291284846,4
"T27","maize","A","13/02/17",13,2,2017,0.226772959475637,0.226772959475637,NA,NA,46.6421052640607,0.977313205526244,4
"T27","maize","B","13/02/17",13,2,2017,0.100397317672307,0.100397317672307,NA,NA,20.6494736847326,0.97474284277824,4
"T27","maize","C","13/02/17",13,2,2017,0.0976183125491081,0.0976183125491081,NA,NA,20.0778947372896,0.99656760819688,4
"T27","maize","D","13/02/17",13,2,2017,0.0386194708239956,0.0386194708239956,NA,NA,7.94315789492813,0.955803122709224,4
"T27","maize","E","13/02/17",13,2,2017,0.182902550796209,0.182902550796209,NA,NA,37.6189473693334,0.981072994590559,4
"area2","forest","A","28/05/18",28,5,2018,0.00680165342223183,0.00680165342223183,NA,NA,1.39894736842943,0.350723140004448,4
"area2","forest","B","28/05/18",28,5,2018,0.0198164048543042,0.0198164048543042,NA,NA,4.07578947378424,0.854190855237133,4
"area2","forest","C","28/05/18",28,5,2018,0.0216281319507907,0.0216281319507907,NA,NA,4.44842105269678,0.67364375802932,4
"area2","forest","D","28/05/18",28,5,2018,0.0178255521972017,0.0178255521972017,NA,NA,3.6663157895649,0.858249682505102,4
"area2","forest","E","28/05/18",28,5,2018,0.0346735906220058,0.0346735906220058,NA,NA,7.13157894756975,0.862692821505295,4
"app2","forest","A","28/05/18",28,5,2018,0.0495358942626879,0.0495358942626879,NA,NA,10.1884210528985,0.867557701742318,4
"app2","forest","B","28/05/18",28,5,2018,0.0552269692103897,0.0552269692103897,NA,NA,11.3589473686909,0.952125022646664,4
"app2","forest","C","28/05/18",28,5,2018,-0.00109010698205488,-0.00109010698205488,NA,NA,-0.224210526350492,-0.0541749773890348,4
"app2","forest","D","28/05/18",28,5,2018,0.00973419474010007,0.00973419474010007,NA,NA,2.00210526324851,0.792048407990121,4
"app2","forest","E","28/05/18",28,5,2018,-0.00870550223586981,-0.00870550223586981,NA,NA,-1.7905263158396,0.310571646949903,4
